District,Name of Veterinary Hospital,Hospital Type
Thiruvananthapuram,"DVC- THIRUVANANTHAPURAM,VIKAS BHAVAN,695033",DISTRICT VETERINARY CENTRE
Thiruvananthapuram,"VD- KALAMACHAL,VAMANAPURAM,695606",VETERINARY DISPENSARY
Thiruvananthapuram,"VD- AMBOORI,AMBOORY,AMBOORI,695505",VETERINARY DISPENSARY
Thiruvananthapuram,"VD- KEEZHATTINGAL,KADAKKAVUR,KEEZHATTINGAL,695701",VETERINARY DISPENSARY
Thiruvananthapuram,"VD- MUDAKKAL,MUDAKKAL,OORUPOIKA,695104",VETERINARY DISPENSARY
Thiruvananthapuram,"VD- PANGODE,PANGODE,KALLARA,695609",VETERINARY DISPENSARY
Thiruvananthapuram,"VD- PULLAMPARA,PULLAMPARA,ANAKUZHY,695607",VETERINARY DISPENSARY
Thiruvananthapuram,"VD- SARKARA,CHIRAYINKEEZHU,KOONTHALOOR,695304",VETERINARY DISPENSARY
Thiruvananthapuram,"VD- VENNIYOOR,VENGANUR,NELLIVILA,695523",VETERINARY DISPENSARY
Thiruvananthapuram,"VD-ALUMUKKU,POOVACHAL,POOVACHAL,695572",VETERINARY DISPENSARY
Thiruvananthapuram,"VD-AMBALATHARA,POONTHURA,695026",VETERINARY DISPENSARY
Thiruvananthapuram,"VD-ANAD,ANAD,ANAD,695544",VETERINARY DISPENSARY
Thiruvananthapuram,"VD-ANCHUTHENGU,ANCHUTHENGU,KAIKKARA,695307",VETERINARY DISPENSARY
Thiruvananthapuram,"VD-ARUMANOOR,POOVAR,POOVAR,695525",VETERINARY DISPENSARY
Thiruvananthapuram,"VD-ARUVIKKARA,ARUVIKKARA,ARUVIKKARA,695564",VETERINARY DISPENSARY
Thiruvananthapuram,"VD-ATTINKUZHI,ATTINKUZHI,6",VETERINARY DISPENSARY
Thiruvananthapuram,"VD-ATTUKAL,PANAVUR,CHULLIMANOOR,695541",VETERINARY DISPENSARY
Thiruvananthapuram,"VD-BALARAMAPURAM,BALARAMAPURAM,BALARAMAPURAM,695501",VETERINARY DISPENSARY
Thiruvananthapuram,"VD-CHEMMARUTHY,CHEMMARUTHY,CHEMMARUTHY,695145",VETERINARY DISPENSARY
Thiruvananthapuram,"VD-ELAKAMON,CHEMMARUTHY,ELAKAMON,695310",VETERINARY DISPENSARY
Thiruvananthapuram,"VD-KADAKAMPALLY,KADAKAMPALLY,6",VETERINARY DISPENSARY
Thiruvananthapuram,"VD-KADINAMKULAM,KADHINAMKULAM,CHANNAKARA,695315",VETERINARY DISPENSARY
Thiruvananthapuram,"VD-KALLIKKADU,KALLIKKAD,NEYYARDAM,695572",VETERINARY DISPENSARY
Thiruvananthapuram,"VD-KALLIYOOR,KALLIYOOR,6",VETERINARY DISPENSARY
Thiruvananthapuram,"VD-KALLOOR,POTHENKODE,MANJAMALA,695313",VETERINARY DISPENSARY
Thiruvananthapuram,"VD-KAMUKINKODE,ATHIYANNUR,ARALUMOODU,695123",VETERINARY DISPENSARY
Thiruvananthapuram,"VD-KARAKULAM,KARAKULAM,VENGODE,695028",VETERINARY DISPENSARY
Thiruvananthapuram,"VD-KARAVARAM,KARAVARAM,ATTINGAL,695605",VETERINARY DISPENSARY
Thiruvananthapuram,"VD-KARODE,KARODE,KARODE,695506",VETERINARY DISPENSARY
Thiruvananthapuram,"VD-KARUMKULAM,KARUMKULAM,PUTHIYATHURA,695526",VETERINARY DISPENSARY
Thiruvananthapuram,"VD-KOLLAYIL,KOLLAYIL,MANCHAVILAKOM,695003",VETERINARY DISPENSARY
Thiruvananthapuram,"VD-KUDAPPANAKUNNU,KUDAPPANKUNNU,695043",VETERINARY DISPENSARY
Thiruvananthapuram,"VD-KULATHOOR,KULATHOOR,UCHAKKADA,695506",VETERINARY DISPENSARY
Thiruvananthapuram,"VD-KUNNATHUKAL,KUNNATTUKAL,KARAKONAM,695504",VETERINARY DISPENSARY
Thiruvananthapuram,"VD-KUTTICHAL,KUTTICHAL,KUTTICHAL,695574",VETERINARY DISPENSARY
Thiruvananthapuram,"VD-KUTTIYANI ,VEMBAYAM,PANTHALACODE,695028",VETERINARY DISPENSARY
Thiruvananthapuram,"VD-MALAYADI,THOLIKKODE,MALAYADI,695542",VETERINARY DISPENSARY
Thiruvananthapuram,"VD-MANAMBOOR,MANAMBOOR,KLLAMBALAM,695611",VETERINARY DISPENSARY
Thiruvananthapuram,"VD-MANICKAL,VELAVOOR,6",VETERINARY DISPENSARY
Thiruvananthapuram,"VD-MANNAMKONAM,ARIANKODE,ARYANAD,695125",VETERINARY DISPENSARY
Thiruvananthapuram,"VD-MANNATHIMOOLA,CHIRAYINKEEZHU,KADAKKAVOOR,695306",VETERINARY DISPENSARY
Thiruvananthapuram,"VD-MARANALLUR,MARANALLUR,KOOVALASSERY,695512",VETERINARY DISPENSARY
Thiruvananthapuram,"VD-MONNAMOODU,KODUNGANOOR ,695013",VETERINARY DISPENSARY
Thiruvananthapuram,"VD-MURUKKUMPUZHA,MANGALAPURAM,MURUKKUMPUZHA,695302",VETERINARY DISPENSARY
Thiruvananthapuram,"VD-NAVAIKULAM,NAVAYIKKULAM,VETTIYARA,695603",VETERINARY DISPENSARY
Thiruvananthapuram,"VD-NEDIYANCODE,PARASSALA,PARASSUVAKKAL,695508",VETERINARY DISPENSARY
Thiruvananthapuram,"VD-OTTASEKHARAMANGALAM,OTTASEKHARAMANGALAM,KURAVARA,695125",VETERINARY DISPENSARY
Thiruvananthapuram,"VD-PALIYODE,PALIYODE,6",VETERINARY DISPENSARY
Thiruvananthapuram,"VD-PALLIKAL,PALLIKKAL,PAKALKURI,695604",VETERINARY DISPENSARY
Thiruvananthapuram,"VD-PALODE,NANDIYODE,PACHA,695562",VETERINARY DISPENSARY
Thiruvananthapuram,"VD-PANACHAMOODU,VELLARADA,VELLARADA,695505",VETERINARY DISPENSARY
Thiruvananthapuram,"VD-PERINGAMMALA,PERINGAMMALA,PERINGAMMALA,695563",VETERINARY DISPENSARY
Thiruvananthapuram,"VD-PERUMKADAVILA,PERUMKADAVILA,PERUMKADAVILA,695124",VETERINARY DISPENSARY
Thiruvananthapuram,"VD-PERUMPAZHUTHUR,PERUMPAZHUTHUR,6",VETERINARY DISPENSARY
Thiruvananthapuram,"VD-PERUNGUZHI,AZHOOR,SASTHAVATTOM,695305",VETERINARY DISPENSARY
Thiruvananthapuram,"VD-PONGUMOODU,SREEKARIYAM,6",VETERINARY DISPENSARY
Thiruvananthapuram,"VD-PULIMATH,PULIMATH,PULLAYIL,695505",VETERINARY DISPENSARY
Thiruvananthapuram,"VD-PULIMOODU,KILIMANOOR,PONGANADU,695601",VETERINARY DISPENSARY
Thiruvananthapuram,"VD-SREEKARIYAM,SREEKARIYAM,CHEMBAZHANTHI,695587",VETERINARY DISPENSARY
Thiruvananthapuram,"VD-THIRUPURAM,THIRUPURAM,THIRUPURAM,695133",VETERINARY DISPENSARY
Thiruvananthapuram,"VD-THRIKKANNAPURAM,ARAMADA,695032",VETERINARY DISPENSARY
Thiruvananthapuram,"VD-UZHAMALACKAL,UZHAMALACKAL,PUTHUKULANGARA,695541",VETERINARY DISPENSARY
Thiruvananthapuram,"VD-VAKKOM,VAKKOM,VAKKOM,695308",VETERINARY DISPENSARY
Thiruvananthapuram,"VD-VARKALA,VARKALA,615141",VETERINARY DISPENSARY
Thiruvananthapuram,"VD-VELLANAD,VELLANAD,VELLANAD,695543",VETERINARY DISPENSARY
Thiruvananthapuram,"VD-VENKULAM,EDAVA,EDAVA,695311",VETERINARY DISPENSARY
Thiruvananthapuram,"VD-VETTIKUZHI,KALLIYUR,NEMOM,695020",VETERINARY DISPENSARY
Thiruvananthapuram,"VD-VETTOOR,CHERUNIYOOR,NEDUNGANDA,695307",VETERINARY DISPENSARY
Thiruvananthapuram,"VD-VILAPPIL,VILAVURKKAL,MALAYAM,695571",VETERINARY DISPENSARY
Thiruvananthapuram,"VD-VILAVOORKAL,VILAVURKKAL,MALAYAM,695571",VETERINARY DISPENSARY
Thiruvananthapuram,"VD-VITHURA,VITHURA,VITHURA,695551",VETERINARY DISPENSARY
Thiruvananthapuram,"VD-VIZHINJAM,VIZHINJAM,VIZHINJAM,695521",VETERINARY DISPENSARY
Thiruvananthapuram,"VD-VLATHANKARA,CHENKAL,CHENKAL,695132",VETERINARY DISPENSARY
Thiruvananthapuram,"VH- VATTIYOORKAVU,VATTIYOORKAVU P.O,695013",VETERINARY HOSPITAL
Thiruvananthapuram,"VH-ARYANAD,ARYANAD,ARYANAD,695542",VETERINARY HOSPITAL
Thiruvananthapuram,"VH-ATTINGAL,ATTINGAL,695101",VETERINARY HOSPITAL
Thiruvananthapuram,"VH-CHIRAYINKEEZHU,KIZHUVILAM,MUDAPURAM,695314",VETERINARY HOSPITAL
Thiruvananthapuram,"VH-KALLAMBALAM,OTTOOR,KALLAMBALAM,695605",VETERINARY HOSPITAL
Thiruvananthapuram,"VH-KANJIRAMKULAM,KANHIRAMKULAM,KANJIRAMKULAM,695534",VETERINARY HOSPITAL
Thiruvananthapuram,"VH-KATTAKKADA,KATTAKKADA,KATTAKKADA,695572",VETERINARY HOSPITAL
Thiruvananthapuram,"VH-KAZHAKUTTAM,KAZHAKKOOTTAM,KAZHAKUTTAM,695582",VETERINARY HOSPITAL
Thiruvananthapuram,"VH-KILIMANOOR,KILIMANOOR,KILIMANOOR,695601",VETERINARY HOSPITAL
Thiruvananthapuram,"VH-KOITHURKONAM,ANDOORKKONAM,POTHENCODE,695584",VETERINARY HOSPITAL
Thiruvananthapuram,"VH-MALAYINKIL,MALAYINKEEZHU,MALYINKIL,695571",VETERINARY HOSPITAL
Thiruvananthapuram,"VH-MITHIRMALA,KALLARA,KALLARA,695608",VETERINARY HOSPITAL
Thiruvananthapuram,"VH-NALANCHIRA,NALANCHIRA,695015",VETERINARY HOSPITAL
Thiruvananthapuram,"VH-NEYYATTINKARA,NEYYATTINKARA,695121",VETERINARY HOSPITAL
Thiruvananthapuram,"VH-PALLICHAL,PALLICHAL,NEMOM,695020",VETERINARY HOSPITAL
Thiruvananthapuram,"VH-PETTAH,PETTAH,695024",VETERINARY HOSPITAL
Thiruvananthapuram,"VH-THAKARAPARAMBU,MADAVOOR,MADAVOOR,695602",VETERINARY HOSPITAL
Thiruvananthapuram,"VH-THIRUVALLAM,VENGANUR,THIRUVALLAM,695027",VETERINARY HOSPITAL
Thiruvananthapuram,"VH-UCHAKADA,KOTTUKAL,PAYATTUVILA,695501",VETERINARY HOSPITAL
Thiruvananthapuram,"VH-VAMANAPURAM,VAMANAPURAM ,VENJARAMOODU,695607",VETERINARY HOSPITAL
Thiruvananthapuram,"VH-VARKALA,CHERUNNIYOOR,695142",VETERINARY HOSPITAL
Thiruvananthapuram,"VH-VELLAMKOLLY,NAGARUR,ALTHARAMOODU,695522",VETERINARY HOSPITAL
Thiruvananthapuram,"VH-VENGODE,MANGALAPURAM,KUDAVOOR,695313",VETERINARY HOSPITAL
Thiruvananthapuram,"VH-VIZHINJAM,VIZHINJAM,VIZHINJAM,695521",VETERINARY HOSPITAL
Thiruvananthapuram,"VPC-NEDUMANGAD,NEDUMANGAD,NEDUMANGAD,695541",VETERINARY POLY CLINIC
Thiruvananthapuram,"VPC-PARASSALA,PARASSALA,PARASSALA,695502",VETERINARY POLY CLINIC
Kollam,"DVC-OLAYIL,KOLLAM,THEVALLY,691009",DISTRICT VETERINARY CENTRE
Kollam,"VD- VAYAKAL,MELILA,VAYAKAL,691584",VETERINARY DISPENSARY
Kollam,"VD-ADICHANALLUR,ADICHCHANALLUR,ADICHANALLUR,691573",VETERINARY DISPENSARY
Kollam,"VD-ALAPPAD,ALAPPAD,CHERIAZHIKKAL,690573",VETERINARY DISPENSARY
Kollam,"VD-ARINALLOOR,THEVALAKKARA,CHAVARA,691583",VETERINARY DISPENSARY
Kollam,"VD-ARYANKAVU,THENMALA,KAZHATHURUTHY,691316",VETERINARY DISPENSARY
Kollam,"VD-CHADAYAMANGALAM,CHADAYAMANGALAM,691534",VETERINARY DISPENSARY
Kollam,"VD-CHENGAMANADU,MELILA,CHENGAMANADU,691557",VETERINARY DISPENSARY
Kollam,"VD-CHIRAKKARA,CHIRAKKARA,632545",VETERINARY DISPENSARY
Kollam,"VD-CHITHARA,CHITHARA,691559",VETERINARY DISPENSARY
Kollam,"VD-ERAVIPURAM,THEKKEVILA,695",VETERINARY DISPENSARY
Kollam,"VD-EZHUKONE,EZHUKON,AMBALATHINKALA,691505",VETERINARY DISPENSARY
Kollam,"VD-INCHIKKAD,MYLAM,INCHIKKADU,691560",VETERINARY DISPENSARY
Kollam,"VD-INCHIKKADU,MYLAM,INCHIKKADU,691560",VETERINARY DISPENSARY
Kollam,"VD-KADUVATHODE,CHELIKKUZHY,695",VETERINARY DISPENSARY
Kollam,"VD-KANJAVELLY,THRIKKARUVA,KANJIVELLY,691602",VETERINARY DISPENSARY
Kollam,"VD-KANNALLUR,THRIKKOVILVATTOM,KANNALLUR,691576",VETERINARY DISPENSARY
Kollam,"VD-KANNETTIL,KARUNAGAPPALLY,S V MARKET,690573",VETERINARY DISPENSARY
Kollam,"VD-KARAVOOR,PIRAVANTHUR,PIRAVANTHOOR,689690",VETERINARY DISPENSARY
Kollam,"VD-KIZHAKKEKALLADA,EAST KALLADA,EAST KALLADA,691502",VETERINARY DISPENSARY
Kollam,"VD-KOTTANKARA,ALUMMOODU,695",VETERINARY DISPENSARY
Kollam,"VD-KULAKKADA,KULAKKADA,KULAKKADA,691521",VETERINARY DISPENSARY
Kollam,"VD-KULASEKHARAPURAM,KULASEKHARAPURAM,KATTILKADAVU,680542",VETERINARY DISPENSARY
Kollam,"VD-KUMMIL,KUMMIL,658965",VETERINARY DISPENSARY
Kollam,"VD-KUNNIKODU,VILAKKUDY,KUNNIKODU,691508",VETERINARY DISPENSARY
Kollam,"VD-KUZHIMATHICADU,KAREEPRA,KUZHIMANTHICADU,691509",VETERINARY DISPENSARY
Kollam,"VD-MANGAD,MANGAD,695",VETERINARY DISPENSARY
Kollam,"VD-MARUTHAMPALLY,POOYAPPALLY,MARUTHAMPALLY,691537",VETERINARY DISPENSARY
Kollam,"VD-MAYYANADU,MAYYANAD,PULLICHIRA,691304",VETERINARY DISPENSARY
Kollam,"VD-MULAVANA,KUNDARA,MULAVANA,691503",VETERINARY DISPENSARY
Kollam,"VD-MUNROE ISLAND,MANDROE THURUTHU,MUNROE ISLAND,691502",VETERINARY DISPENSARY
Kollam,"VD-MYNAGAPALLY,MYNAGAPPALLY,MYNAGAPALLY,690519",VETERINARY DISPENSARY
Kollam,"VD-NALLILA,NEDUMPANA, NALLIA,0",VETERINARY DISPENSARY
Kollam,"VD-NEDUMPANA,NEDUMPANA,NEDUMPANA,691515",VETERINARY DISPENSARY
Kollam,"VD-NEDUMPANA,NEDUMPANA,NEDUMPANA,691015",VETERINARY DISPENSARY
Kollam,"VD-NEENDAKARA,NEENDAKARA,NEENDAKARA,691582",VETERINARY DISPENSARY
Kollam,"VD-NILAMEL,NILAMEL,691535",VETERINARY DISPENSARY
Kollam,"VD-PANAVELY,VETTIKAVALA,PANAVELY,691544",VETERINARY DISPENSARY
Kollam,"VD-PANAYAM,PANAYAM,695",VETERINARY DISPENSARY
Kollam,"VD-PANMANA,EDAPPALLYCOTTAH,695",VETERINARY DISPENSARY
Kollam,"VD-PARAKKADAVU,SURANAD NORTH,PARAKADAVU,690561",VETERINARY DISPENSARY
Kollam,"VD-PATTAZHI,PATTAZHI VADAKKEKARA,KADAVANTHODE,691556",VETERINARY DISPENSARY
Kollam,"VD-PATTAZHY,PATTAZHI,PATTAZHY,691522",VETERINARY DISPENSARY
Kollam,"VD-PAVITHRESWARAM,PAVITHRESWARAM,KARUVELIL,689695",VETERINARY DISPENSARY
Kollam,"VD-PERAYAM,PERAYAM,PADAPPAKKARA,691503",VETERINARY DISPENSARY
Kollam,"VD-PORUVAZHY,PORUVAZHY,EDAKKADU,691552",VETERINARY DISPENSARY
Kollam,"VD-PRAYAR SOUTH,CLAPPANA,ALUMPADIKA,690547",VETERINARY DISPENSARY
Kollam,"VD-PUNUKANNUR,PUNUKANNUR,691504",VETERINARY DISPENSARY
Kollam,"VD-PUTHENKULAM,POOTHAKKULAM, PUTHENKULAM,691302",VETERINARY DISPENSARY
Kollam,"VD-RAMDALUMOODU,THALAVUR,RAMDALUMOODU,691504",VETERINARY DISPENSARY
Kollam,"VD-ROADVILA,ROADVILA,691516",VETERINARY DISPENSARY
Kollam,"VD-SANKARAPURAM,KOTTUKAL,691519",VETERINARY DISPENSARY
Kollam,"VD-SASTHAMKOTTAH,SASTHAMKOTTA,SASTHAMKOTTAH,690521",VETERINARY DISPENSARY
Kollam,"VD-SOORANADU SOUTH,SURANAD SOUTH,PATHARAM,691522",VETERINARY DISPENSARY
Kollam,"VD-THELLUMBHAGAM,THEKKUMBHAGAM,CHAVARA SOUTH,691584",VETERINARY DISPENSARY
Kollam,"VD-THENMALA,THENMALA,THENMALA,691316",VETERINARY DISPENSARY
Kollam,"VD-THEVALAPPURAM,NEDUVATHUR, THEVALAPPURAM,0",VETERINARY DISPENSARY
Kollam,"VD-UMMANNOOR,UMMANNUR, UMMANNOOR,0",VETERINARY DISPENSARY
Kollam,"VD-VELIYAM,VELIYAM,VELIYAM WEST,691540",VETERINARY DISPENSARY
Kollam,"VD-VENCHEMPU,KARAVALUR,VENCHEMBU,691333",VETERINARY DISPENSARY
Kollam,"VD-WEST KALLADA,WEST KALLADA,VILANTHARA,691502",VETERINARY DISPENSARY
Kollam,"VD-YEROOR,YEROOR,YEROOR,691312",VETERINARY DISPENSARY
Kollam,"VH-ANCHAL,ANCHAL,ANCHAL,0",VETERINARY HOSPITAL
Kollam,"VH-ANCHALUMOODU,THRIKKADAVUR,PERINADU,691601",VETERINARY HOSPITAL
Kollam,"VH-AYOOR,EDAMULACKAL,AYOOR,0",VETERINARY HOSPITAL
Kollam,"VH-CHANNAPETTAH,ALAYAMON, CHANNAPETTAH,691311",VETERINARY HOSPITAL
Kollam,"VH-CHATHANNR,CHATHANNUR,CHATHANNUR,691572",VETERINARY HOSPITAL
Kollam,"VH-CHAVARA,CHAVARA,CHAVARA,691583",VETERINARY HOSPITAL
Kollam,"VH-CHEMMAKKADU,PERINAD,CHEMAGNADU,691557",VETERINARY HOSPITAL
Kollam,"VH-CHERUVAKKAL,CHERUVAKKAL,691532",VETERINARY HOSPITAL
Kollam,"VH-KADAKKAL,KADAKKAL,691536",VETERINARY HOSPITAL
Kollam,"VH-KALLUVATHUKKAL,KALLUVATHUKKAL,KALLUVATHUKKAL,691578",VETERINARY HOSPITAL
Kollam,"VH-KARUNAGAPALLY,THODIYUR,KARUNAGAPALLY,690562",VETERINARY HOSPITAL
Kollam,"VH-KOTTARAKKARA,KOTTARAKKARA,KOTTARAKKARA,691506",VETERINARY HOSPITAL
Kollam,"VH-KOTTIYAM,ADICHCHANALLUR,KOTTIYAM,691571",VETERINARY HOSPITAL
Kollam,"VH-KULATHUPUZHA,KULATHUPPUZHA,KULATHUPUZHA,691310",VETERINARY HOSPITAL
Kollam,"VH-KUNDARA,KUNDARA,KUNDARA,691501",VETERINARY HOSPITAL
Kollam,"VH-KUNNATHUR,KUNNATHUR,KUNNATHUR EAST,690540",VETERINARY HOSPITAL
Kollam,"VH-MANAPALLY,THAZHAVA,MANAPALLY,691576",VETERINARY HOSPITAL
Kollam,"VH-OCHIRA,OACHIRA, OCHIRA,690526",VETERINARY HOSPITAL
Kollam,"VH-PATHANAPURAM,PATHANAPURAM,PATHANAPURAM,689695",VETERINARY HOSPITAL
Kollam,"VH-PUNTHALATHAZHAM,PUNTHALATHAZHAM,695865",VETERINARY HOSPITAL
Kollam,"VH-SAKTHIKULANGARA,KAVANADU,691003",VETERINARY HOSPITAL
Kollam,"VPC-KOTTAPPURAM,PUNALUR,PARAVOOR,691301",VETERINARY POLY CLINIC
Kollam,"VPC-PUNALUR,PUNALUR,PUNALUR,691305",VETERINARY POLY CLINIC
Pathanamthitta,"DVC-PATHANAMTHITTA,PATHANAMTHITTA,689645",DISTRICT VETERINARY CENTRE
Pathanamthitta,"VD-ANIKKAD,ANICKAD,PANAVELI,689589",VETERINARY DISPENSARY
Pathanamthitta,"VD-CHATHENTHARA,RANNI - PAZHAVANGADI,CHATHERTHARA,685510",VETERINARY DISPENSARY
Pathanamthitta,"VD-CHENNEERKARA,CHENNIRKKARA,CHENNEERKARA P.O, ELAVUMTHITTA,689625",VETERINARY DISPENSARY
Pathanamthitta,"VD-CHERUKULANJI,VADASSERIKKARA,CHERUKULANJI P.O,689673",VETERINARY DISPENSARY
Pathanamthitta,"VD-CHETHOMKARA,RANNI - PAZHAVANGADI,CHELLAKADU P.O, RANI,0",VETERINARY DISPENSARY
Pathanamthitta,"VD-CHITTAR,CHITTAR,689663",VETERINARY DISPENSARY
Pathanamthitta,"VD-ELAMANNOOR,ENATHIMANGALAM,ELAMANNOOR P.O,691524",VETERINARY DISPENSARY
Pathanamthitta,"VD-ELANTHUR,ELANTHOOR,ELANTHOOR ,689643",VETERINARY DISPENSARY
Pathanamthitta,"VD-ERATHU,ERATHU,VADAKKEDATHUKAVU P.O,691529",VETERINARY DISPENSARY
Pathanamthitta,"VD-EZHAMKULAM,EZHAMKULAM,NEDUMON P.O,691526",VETERINARY DISPENSARY
Pathanamthitta,"VD-IRAVON,ARUVAPPULAM,Iravon,680155",VETERINARY DISPENSARY
Pathanamthitta,"VD-KAIPATTOOR,VALLIKKODE,KAIPATTOOR P.O,689648",VETERINARY DISPENSARY
Pathanamthitta,"VD-KAKODUMON,NARANAM MUZHI,Naranammuzhi,689711",VETERINARY DISPENSARY
Pathanamthitta,"VD-KALOOPPARA,KALLUPPARA,KALLUPARA,689603",VETERINARY DISPENSARY
Pathanamthitta,"VD-KATTOOR,CHERUKOLE,NARANGANAM NORTH P.O,689642",VETERINARY DISPENSARY
Pathanamthitta,"VD-KAVIYUR,KAVIYUR,KAVIYUR,0",VETERINARY DISPENSARY
Pathanamthitta,"VD-KIDANGANNOR,ARANMULA,KIDANGANOOR P.O,689514",VETERINARY DISPENSARY
Pathanamthitta,"VD-KOTTANADU,KOTTANAD,VELLAYIL,689613",VETERINARY DISPENSARY
Pathanamthitta,"VD-KOTTANGAL,KOTTANGAL,KULATHUR,0",VETERINARY DISPENSARY
Pathanamthitta,"VD-KULANADA,KULANADA,KULANADA,689503",VETERINARY DISPENSARY
Pathanamthitta,"VD-KUNNAMTHANAM,KUNNAMTHANAM ,MANTHANAM,689581",VETERINARY DISPENSARY
Pathanamthitta,"VD-KURIANNUR,THOTTAPPUZHASSERY,KURIANNUR,689550",VETERINARY DISPENSARY
Pathanamthitta,"VD-KURICHIMUTTOM,ARANMULA,KURICHIMUTTOM P.O,689532",VETERINARY DISPENSARY
Pathanamthitta,"VD-KUTTUR,KUTTUR,NARANGANAM NORTH,689642",VETERINARY DISPENSARY
Pathanamthitta,"VD-KUZHIKKALA,MALLAPPUZHASSERY,KUZHIKKALA,689644",VETERINARY DISPENSARY
Pathanamthitta,"VD-MANNARAKULANJI,MYLAPRA,MANNARAKULANJI P.O,689678",VETERINARY DISPENSARY
Pathanamthitta,"VD-MEZHUVELI,MEZHUVELI,ULLANNOOR P.O,0",VETERINARY DISPENSARY
Pathanamthitta,"VD-NARANAMOOZHY,NARANAM MUZHI,NARANAMOOZHY,0",VETERINARY DISPENSARY
Pathanamthitta,"VD-NARANGANAM,NARANGANAM,NARANGANAM P.O, ALUMKAL,689642",VETERINARY DISPENSARY
Pathanamthitta,"VD-NEDUMPURAM,NEDUMPRAM,AMICHAKARI,689112",VETERINARY DISPENSARY
Pathanamthitta,"VD-NIRANAM,NIRANAM,KIZHAKKUMBHAGOM,689620",VETERINARY DISPENSARY
Pathanamthitta,"VD-OTHARA,OTHARA EAST ,689546",VETERINARY DISPENSARY
Pathanamthitta,"VD-PERINGARA,PERINGARA,KARACHAL,689008",VETERINARY DISPENSARY
Pathanamthitta,"VD-PRAMADOM,PRAMADAM,MALLASSERY P.O,689646",VETERINARY DISPENSARY
Pathanamthitta,"VD-PURAMATTOM,PURAMATTAM,PURAMATTOM,689543",VETERINARY DISPENSARY
Pathanamthitta,"VD-RANNI - ANGADI,RANNI - ANGADI,RANNI - ANGADI,0",VETERINARY DISPENSARY
Pathanamthitta,"VD-RANNI - PERUNADU,RANNI - PERUNADU,PERUNAD P.O,689711",VETERINARY DISPENSARY
Pathanamthitta,"VD-SEETHATHODU,SEETHATHODU,689667",VETERINARY DISPENSARY
Pathanamthitta,"VD-THANNITHODU,THANNITHODE,THANNITHODU, KONNI,689699",VETERINARY DISPENSARY
Pathanamthitta,"VD-THATTAYIL,PANTHALAM - THEKKEKKARA,THEKKEKARA PANCHAYATH,691525",VETERINARY DISPENSARY
Pathanamthitta,"VD-THELLIYOOR,EZHUMATOOR,THELLIYOOR,689544",VETERINARY DISPENSARY
Pathanamthitta,"VD-THUMPAMON,THUMBAMON,THUMPAMON,689502",VETERINARY DISPENSARY
Pathanamthitta,"VD-VAYALA,ERATHU,VAYALA P.O, PARAKKODU (via),691554",VETERINARY DISPENSARY
Pathanamthitta,"VD-VECHOOCHIRA,VECHUCHIRA,VECHOOCHIRA P.O,686511",VETERINARY DISPENSARY
Pathanamthitta,"VH-AYROOOR,AYIROOR,THEKKUNKAL,689614",VETERINARY HOSPITAL
Pathanamthitta,"VH-KALANJOOR,KALANJOOR,KALANJOOR,689694",VETERINARY HOSPITAL
Pathanamthitta,"VH-KODUMON,KODUMON,KODUMON,0",VETERINARY HOSPITAL
Pathanamthitta,"VH-KONNI,KONNI,KONNI,689691",VETERINARY HOSPITAL
Pathanamthitta,"VH-KOZHENCHERY,KOZHENCHERY,KOZHENCHERY,689654",VETERINARY HOSPITAL
Pathanamthitta,"VH-MALAYALAPPUZHA,MALAYALAPPUZHA,THAZHAM P.O,689666",VETERINARY HOSPITAL
Pathanamthitta,"VH-MALLAPPALLY,MALLAPPALLY,MALLAPPALLY,691525",VETERINARY HOSPITAL
Pathanamthitta,"VH-MANNADI,KADAMBANADU,MANADI PO, ADOOR,691530",VETERINARY HOSPITAL
Pathanamthitta,"VH-OMALLOR,OMALLOOR,OMALLOOR P.O,689647",VETERINARY HOSPITAL
Pathanamthitta,"VH-PALLIKKAL,PALLIKKAL,690504",VETERINARY HOSPITAL
Pathanamthitta,"VH-PANDALAM,PANTHALAM,PANTHALAM P.O,689501",VETERINARY HOSPITAL
Pathanamthitta,"VH-PULIKEEZHU,KADAPRA,VALANJAVATTOM,689104",VETERINARY HOSPITAL
Pathanamthitta,"VH-PULLAD,KOIPRAM,PULLAD,689548",VETERINARY HOSPITAL
Pathanamthitta,"VH-VADASSERIKKARA,VADASSERIKKARA,VADASSERIKKARA P.O,689662",VETERINARY HOSPITAL
Pathanamthitta,"VPC-ADOOR,ADOOR,691523",VETERINARY POLY CLINIC
Pathanamthitta,"VPC-RANNI,RANNI,RANNI,689672",VETERINARY POLY CLINIC
Pathanamthitta,"VPC-THIRUVALLA,THIRUVALLA,THIRUVALLA,689101",VETERINARY POLY CLINIC
Alappuzha,"DVC-ALAPPUZHA,ALAPUZHA,688011",DISTRICT VETERINARY CENTRE
Alappuzha,"VD-ALA,ALA,ALA,689520",VETERINARY DISPENSARY
Alappuzha,"VD-AMBALAPUZHA NORTH,AMBALAPPUZHA - NORTH,T D M C P O,688005",VETERINARY DISPENSARY
Alappuzha,"VD-ANAPRAMBAL,THALAVADY,ANAPRAMBAL,689572",VETERINARY DISPENSARY
Alappuzha,"VD-ARATTUPUZHA,ARATTUPUZHA,ARATTUPUZHA,690565",VETERINARY DISPENSARY
Alappuzha,"VD-AROOR,AROOR,688534",VETERINARY DISPENSARY
Alappuzha,"VD-ARTHUMKAL,CHERTHALA - SOUTH,ARTHUNKAL,688536",VETERINARY DISPENSARY
Alappuzha,"VD-ARYAD,ARYAD,ARYAD,688006",VETERINARY DISPENSARY
Alappuzha,"VD-AYAPARAMBU,CHERUTHANA,AYAPARAMBU,690517",VETERINARY DISPENSARY
Alappuzha,"VD-BUDHANOOR,BUDHANOOR,BUDHANOOR P.O, PULIYOOR,689510",VETERINARY DISPENSARY
Alappuzha,"VD-CHEMPUMPURAM,NEDUMUDY,CHEMPUMPURAM,688505",VETERINARY DISPENSARY
Alappuzha,"VD-CHENNITHALA,CHENNITHALA THRUPPERUNTHURA,CHENNITHALA,690105",VETERINARY DISPENSARY
Alappuzha,"VD-CHEPPAD,CHEPPADU,PANACHIMOOD,690511",VETERINARY DISPENSARY
Alappuzha,"VD-CHERIYANAD,CHERIYANADE,CHERIYANAD,689511",VETERINARY DISPENSARY
Alappuzha,"VD-CHERTHALA,CHERTHALA,688524",VETERINARY DISPENSARY
Alappuzha,"VD-CHETTIKULANGARA,CHETTIKULANGARA,CHETTIKULANGARA,690106",VETERINARY DISPENSARY
Alappuzha,"VD-CHINGOLI,CHINGOLY,CHINGOLI,690532",VETERINARY DISPENSARY
Alappuzha,"VD-DEVIKULANGARA,DEVIKULANGARA,DEVIKULANGARA,690547",VETERINARY DISPENSARY
Alappuzha,"VD-EDATHUA,EDATHUA,EDATHUA,689573",VETERINARY DISPENSARY
Alappuzha,"VD-EZHUPUNNA,EZHUPUNNA,EZHUPUNNA,689573",VETERINARY DISPENSARY
Alappuzha,"VD-KADAKKARAPPALLY,KADAKKARAPPALLY,KADAKKARAPPALLY,688529",VETERINARY DISPENSARY
Alappuzha,"VD-KAINAKARY,KAINAKARY,KAINAKARY,688501",VETERINARY DISPENSARY
Alappuzha,"VD-KANDALLUR,KANDALLOOR,KANDALLUR,690531",VETERINARY DISPENSARY
Alappuzha,"VD-KANJIKKUZHY,KANJIKKUZHY,KANJIKKUZHY,688582",VETERINARY DISPENSARY
Alappuzha,"VD-KARUVATTA,KARUVATTA,KARUVATTA,690517",VETERINARY DISPENSARY
Alappuzha,"VD-KAVALAM,KAVALAM,KAVALAM,688506",VETERINARY DISPENSARY
Alappuzha,"VD-KODAMTHURUTHU,KODAMTHURUTHE,KODAMTHURUTHU,688550",VETERINARY DISPENSARY
Alappuzha,"VD-KUMARAPURAM,KUMARAPURAM,KUMARAPURAM,690548",VETERINARY DISPENSARY
Alappuzha,"VD-KUTHIATHODE,KUTHIYATHODE,KUTHIATHODE,688533",VETERINARY DISPENSARY
Alappuzha,"VD-MARARIKULAM (SOUTH),MARARIKKULAM - SOUTH,MARARIKULAM SOUTH,688549",VETERINARY DISPENSARY
Alappuzha,"VD-MUTTAR,MUTTAR,MUTTAR,689574",VETERINARY DISPENSARY
Alappuzha,"VD-NEELAMPEROOR,NEELAMPEROOR,NEELAMPEROOR,686103",VETERINARY DISPENSARY
Alappuzha,"VD-PALLIPPAD,PALLIPPADU,PALLIPPAD,690512",VETERINARY DISPENSARY
Alappuzha,"VD-PANAVALLY,PANAVALLI,PANAVALLY,688566",VETERINARY DISPENSARY
Alappuzha,"VD-PANDANAD,PANDANADU,PADANAD,689506",VETERINARY DISPENSARY
Alappuzha,"VD-PATHIYOOR,PATHIYOOR,PATHIYOOR,690512",VETERINARY DISPENSARY
Alappuzha,"VD-PATTOOR (NOORNAD),NOORANADU,PATTOOR, NOORANAD,690529",VETERINARY DISPENSARY
Alappuzha,"VD-PERUMPALAM,PERUMBALAM,PERUMBALAM,688570",VETERINARY DISPENSARY
Alappuzha,"VD-PULIKUNNU,PULINKUNNE,PULIKUNNU,688504",VETERINARY DISPENSARY
Alappuzha,"VD-PULLIYOOR,PULIYOOR,PULIYOOR,689510",VETERINARY DISPENSARY
Alappuzha,"VD-PUNNAPRA NORTH,PUNNAPRA - NORTH,PUNNAPRA P O,688004",VETERINARY DISPENSARY
Alappuzha,"VD-PURAKKAD,PURAKKADU,PURAKKAD,690551",VETERINARY DISPENSARY
Alappuzha,"VD-RAMANKARY,RANANKARY,RAMANKARY,689595",VETERINARY DISPENSARY
Alappuzha,"VD-THAKAZHY,THAKAZHI,THAKAZHY,688562",VETERINARY DISPENSARY
Alappuzha,"VD-THAMARAKULAM,THAMARAKULAM,690530",VETERINARY DISPENSARY
Alappuzha,"VD-THAZHAKKARA,THAZHAKKARA,THAZHAKKARA,690102",VETERINARY DISPENSARY
Alappuzha,"VD-THENNEERMUKKOM,THANNIRMUKKAM,THNNEERMUKKOM,688527",VETERINARY DISPENSARY
Alappuzha,"VD-THIRUVANVANDOOR,THIRUVANVANDOOR,THIRUVANVANDOOR,689109",VETERINARY DISPENSARY
Alappuzha,"VD-THRIKKUNNAPPUZHA,THRUKKUNNAPPUZHA,THRIKUNNAPPUZHA,690515",VETERINARY DISPENSARY
Alappuzha,"VD-THURAVOOR,THURAVUR,THURAVOOR,688540",VETERINARY DISPENSARY
Alappuzha,"VD-THURUTHIMEL,NADUVARAMCODE,689508",VETERINARY DISPENSARY
Alappuzha,"VD-VADUTHALA,ARUKKUTTI,VADUTHALA,682023",VETERINARY DISPENSARY
Alappuzha,"VD-VALLIKUNNAM,VALLIKKUNNAM,VALLIKUNNAM,690501",VETERINARY DISPENSARY
Alappuzha,"VD-VAYALAR,VALAYALAR,VAYALAR,688536",VETERINARY DISPENSARY
Alappuzha,"VD-VEEYAPURAM,VEEYAPURAM,VEEYAPURAM,690550",VETERINARY DISPENSARY
Alappuzha,"VD-VENMONY,VENMANI,VENMONY,689509",VETERINARY DISPENSARY
Alappuzha,"VH-AMBALAPPUZHA,AMBALAPPUZHA - SOUTH,AMBALAPPUZHA,688561",VETERINARY HOSPITAL
Alappuzha,"VH-KALAVOOR,MANNANCHERY,KALAVOOR,688522",VETERINARY HOSPITAL
Alappuzha,"VH-KANICHUKULANGARA,MARARIKKULAM - NORTH,KANICHUKULANGARA,688542",VETERINARY HOSPITAL
Alappuzha,"VH-KARTHIKAPPALLY,KARTHIKAPPALLY,KARTHIKAPPALLY,690516",VETERINARY HOSPITAL
Alappuzha,"VH-KATTANAM,BHARANIKKAVU,KATTANAM,690503",VETERINARY HOSPITAL
Alappuzha,"VH-KAYIPURAM,MUHAMMA,KAYIPURAM,688525",VETERINARY HOSPITAL
Alappuzha,"VH-KIDANGARA,VELIYANADU,KIDANGARA,686107",VETERINARY HOSPITAL
Alappuzha,"VH-KRISHNAPURAM,KRISHANAPURAM,KRISHNAPURAM,690533",VETERINARY HOSPITAL
Alappuzha,"VH-MANNAR,MANNAR,MANNAR,689623",VETERINARY HOSPITAL
Alappuzha,"VH-MULAKKUZHA,MULAKKUZHA,MULAKKUZHA,689505",VETERINARY HOSPITAL
Alappuzha,"VH-MUTHUKULAM,MUTHUKULAM,MUTHUKULAM,690565",VETERINARY HOSPITAL
Alappuzha,"VH-NOORNAD,PALAMEL,NOORANAD,690504",VETERINARY HOSPITAL
Alappuzha,"VH-OTTAPPUNNA,CHENNAM - PALLIPPURAM,OTTAPPUNNA,688541",VETERINARY HOSPITAL
Alappuzha,"VH-PATTANAKKAD,PATTANAKKADU,PATTANAKKAD,688531",VETERINARY HOSPITAL
Alappuzha,"VH-PUNNAPRA,PUNNAPRA - SOUTH,PUNNAPRA,688004",VETERINARY HOSPITAL
Alappuzha,"VH-THAMARAKULAM,ALAPPUZHA,THAMARAKULAM,690530",VETERINARY HOSPITAL
Alappuzha,"VH-THYCATTUSSERY,THYKKATTUSSERY,THYCATTUSSERY,688528",VETERINARY HOSPITAL
Alappuzha,"VH-VATHIKULAM,CHETTIKULANGARA,VATHIKULAM,690510",VETERINARY HOSPITAL
Alappuzha,"VPC-CHENGANNUR,CHENGANNUR,689121",VETERINARY POLY CLINIC
Alappuzha,"VPC-CHERTHALA,CHERTHALA,688524",VETERINARY POLY CLINIC
Alappuzha,"VPC-HARIPPAD,HARIPPAD,HARIPPAD,690550",VETERINARY POLY CLINIC
Alappuzha,"VPC-KAYAMKULAM,KAYAMKULAM,690502",VETERINARY POLY CLINIC
Alappuzha,"VPC-MANCOMPU,CHAMPAKKULAM,MANCOMPU,688503",VETERINARY POLY CLINIC
Alappuzha,"VPC-MAVELIKKARA,MAVELIKKARA,690101",VETERINARY POLY CLINIC
Kottayam,"DVC-KOTTAYAM,KOTTAYAM,686502",DISTRICT VETERINARY CENTRE
Kottayam,"-KORUTHODE,PARATHODE,KORUTHODE,686513",VETERINARY DISPENSARY
Kottayam,"VD- KUMARAKOM,KUMARAKAM,KUMARAKOM,686503",VETERINARY DISPENSARY
Kottayam,"VD-ANICKADU,PALLIKKATHODE,ANICKADU,686503",VETERINARY DISPENSARY
Kottayam,"VD-ARPPOOKKARA,ARPPUKKARA,ARAPOOKARA,686008",VETERINARY DISPENSARY
Kottayam,"VD-ATHIRAMPUZHA,ATHIRAMPPUZHA,ATHIRAMPUZHA,686562",VETERINARY DISPENSARY
Kottayam,"VD-AYARKUNNAM,AYARKUNNAM,AYARKUNNAM,686564",VETERINARY DISPENSARY
Kottayam,"VD-CHEMPAKARA,KARUKACHAL,CHEMPAKARA P.O,KARUKACHAL,686540",VETERINARY DISPENSARY
Kottayam,"VD-CHENGALAM SOUTH,THIRUVARPPE,CHANGALAM SOUTH P.O,686022",VETERINARY DISPENSARY
Kottayam,"VD-CHENNAD,POONJAR,CHENNAD P.O,686581",VETERINARY DISPENSARY
Kottayam,"VD-KADAANADU,KADANADU,KADANADU P.O,686653",VETERINARY DISPENSARY
Kottayam,"VD-KADUTHURUTHY,KADUTHURUTHY,KADUTHURUTHY ,686604",VETERINARY DISPENSARY
Kottayam,"VD-KALLARA,KALLARA,KALLARA SOUTH P.O,686611",VETERINARY DISPENSARY
Kottayam,"VD-KANAM,KANGAZHA,KANJIRAPPARA P.O,686515",VETERINARY DISPENSARY
Kottayam,"VD-KOORALY,ELIKKULAM,KORALLY,686522",VETERINARY DISPENSARY
Kottayam,"VD-KOOROPPADA,KOOROPPADA,KOOROPPADA P.O,686502",VETERINARY DISPENSARY
Kottayam,"VD-KORUTHODE,PARATHODE,KORUTHODE,659863",VETERINARY DISPENSARY
Kottayam,"VD-KOZHUVANAL,KOZHUVANAL,KOZHUVANAL P.O,686523",VETERINARY DISPENSARY
Kottayam,"VD-KULATHUPRAYAR,VELLAVOOR,KULATHUPRAYAR P.O,686541",VETERINARY DISPENSARY
Kottayam,"VD-KUMARANALLUR,KUMARANELLOOR,KUMARANALLUR,686563",VETERINARY DISPENSARY
Kottayam,"VD-KURICHITHANAM,MARANGATTUPILLY,KURICHITHANAM,686634",VETERINARY DISPENSARY
Kottayam,"VD-KURICHY,KURICHI,KURICHI P.O,686549",VETERINARY DISPENSARY
Kottayam,"VD-MADAPPALLY,MADAPPALLY,MADAPPALY,MAMMOORU P.O,686553",VETERINARY DISPENSARY
Kottayam,"VD-MARANGOLI,NEEZHOOR,MARANGOLI,686612",VETERINARY DISPENSARY
Kottayam,"VD-MARAVANTHURUTH,MARAVANTHURUTHE,MARAVANTHURUTH P.O,686608",VETERINARY DISPENSARY
Kottayam,"VD-MATTAKARA,AKALAKUNNAM,MATTAKARA,686564",VETERINARY DISPENSARY
Kottayam,"VD-MEENADOM,MEENADAM,MEENADOM P.O,686516",VETERINARY DISPENSARY
Kottayam,"VD-MELAMPARA,THALAPPALAM,MELAMPARA,686594",VETERINARY DISPENSARY
Kottayam,"VD-MELUKAVU,MELUKAVU,MELUKAVU,MELUKAVUMATTOM P.O,686652",VETERINARY DISPENSARY
Kottayam,"VD-MEMMURY,MANJOOR,MEMURY,686617",VETERINARY DISPENSARY
Kottayam,"VD-MOONNILARU,MUNNILAVU,MOONNILAVU P.O,686586",VETERINARY DISPENSARY
Kottayam,"VD-MULAKKULAM ,MULAKKULAM,MULAKULAM,PERUVA P.O,686610",VETERINARY DISPENSARY
Kottayam,"VD-MUNDAKKAYAM,MUNDAKKAYAM,MUNDAKKAYAM P.O,686513",VETERINARY DISPENSARY
Kottayam,"VD-MUTHOLI,MUTHOLY,MUTHOLY,686597",VETERINARY DISPENSARY
Kottayam,"VD-NATTAKOM,NATTAKAM,NATTAKOM,CHINGAVANAM P.O,686531",VETERINARY DISPENSARY
Kottayam,"VD-NEENDOOR,NEENDOOR,KAIPUZHA P.O,686602",VETERINARY DISPENSARY
Kottayam,"VD-OLESSA,KOTTAYAM,OLESSA,695",VETERINARY DISPENSARY
Kottayam,"VD-PAIKA,MUTHOLY,PAIKA,POOVARANY,686577",VETERINARY DISPENSARY
Kottayam,"VD-PAIPPADU,PAYIPPADU,PAIPPADU,PC KAVALA P.O,686537",VETERINARY DISPENSARY
Kottayam,"VD-PANACHIKADU,PANACHIKKADU,PANACHICKADU ,KUZHIMATTOM P.O,686533",VETERINARY DISPENSARY
Kottayam,"VD-PARATHANAM,KOOTTIKKAL,PARATHANAM P.O,686514",VETERINARY DISPENSARY
Kottayam,"VD-PARATHODE,PARATHODE,PARATHODU P.O,686512",VETERINARY DISPENSARY
Kottayam,"VD-PONTHENPUZHA,MANIMALA,PONTHENPUZHA,KARIKKATTOOR CENTER PO,686544",VETERINARY DISPENSARY
Kottayam,"VD-POONJAR,POONJAR - THEKKEKKARA,POONJAR P.O,686581",VETERINARY DISPENSARY
Kottayam,"VD-PUTHUVELI,VELIYANNOOR,PUTHUVELI P.O,686641",VETERINARY DISPENSARY
Kottayam,"VD-T.V. PURAM,T.V.PURAM,TV PURAM P.O,686606",VETERINARY DISPENSARY
Kottayam,"VD-THALANADU,THALANADU,THALANADU P.O,686580",VETERINARY DISPENSARY
Kottayam,"VD-THECKOY,THEEKKOYI,TEEKOY P.O,686580",VETERINARY DISPENSARY
Kottayam,"VD-THEKETHUKAVALA,CHIRAKKADAVU,THEKETHUKAVALA P.O,PONKUNNAM,686519",VETERINARY DISPENSARY
Kottayam,"VD-THIDANAD,THIDANADU,THIDANAD P.O,686123",VETERINARY DISPENSARY
Kottayam,"VD-THODANAL,KOZHUVANAL,THODANAL P.O,686573",VETERINARY DISPENSARY
Kottayam,"VD-THOTTAPPALLY,KOOROPPADA,LAKKATTOOR P.O,0",VETERINARY DISPENSARY
Kottayam,"VD-THRIKODITHANAM,THRIKKODITHANAM,THRIKODITHANAM P.O,686105",VETERINARY DISPENSARY
Kottayam,"VD-THURUTHY,VAZHAPPALLY,THRUTHY P.O,VAZHAPPALLY,686535",VETERINARY DISPENSARY
Kottayam,"VD-UDAYANAPURAM,UDAYANAPURAM,UDAYANAPURAM P.O,686143",VETERINARY DISPENSARY
Kottayam,"VD-ULLANADU,BHARANANGANAM,ULLANADU P.O,686651",VETERINARY DISPENSARY
Kottayam,"VD-UZHAVOOR,UZHAVOOR,MONIPALLY P.O,686636",VETERINARY DISPENSARY
Kottayam,"VD-VALAVOOR,KARUR,VALAVOOR P.O,686635",VETERINARY DISPENSARY
Kottayam,"VD-VAYALA,KADAPLAMATTAM,VAYALA P.O,686587",VETERINARY DISPENSARY
Kottayam,"VD-VECHOOR,VECHOOR,VACHOOR P.O,686144",VETERINARY DISPENSARY
Kottayam,"VD-VELLORE,VELLOOR,6950",VETERINARY DISPENSARY
Kottayam,"VD-VIJAYAPURAM,VIJAYAPURAM,6950",VETERINARY DISPENSARY
Kottayam,"VH-AREEPARAMBU,VIJAYAPURAM,AREEPARAMBU,686501",VETERINARY HOSPITAL
Kottayam,"VH-CHENGALAM,AKALAKUNNAM,CHENGALAM,686585",VETERINARY HOSPITAL
Kottayam,"VH-ERATTUPETTAH,ERATTUPETTAH,6950",VETERINARY HOSPITAL
Kottayam,"VH-ERUMELY,ERUMELY,6950",VETERINARY HOSPITAL
Kottayam,"VH-ETTUMANOOR,ETTUMANOOR,ETTUMANOOR,686631",VETERINARY HOSPITAL
Kottayam,"VH-KANAKKARY,KANAKKARY,KANAKKARY,VENPALLY,686633",VETERINARY HOSPITAL
Kottayam,"VH-KATTIKUNNAM,CHEMBU,KATTIKUNNAM,CHEMBU,686615",VETERINARY HOSPITAL
Kottayam,"VH-KINDGOOR,KIDANGOOR,KINDGOOR,0",VETERINARY HOSPITAL
Kottayam,"VH-KOZHA,KURAVILANGADU,KOZHA,686640",VETERINARY HOSPITAL
Kottayam,"VH-MARANGATTUPPALLY,MARANGATTUPILLY,MARANGATTUPPALLY,686635",VETERINARY HOSPITAL
Kottayam,"VH-MOOLEPLACKAL,CHIRAKKADAVU,MOOLEPLACKAL,CHERUVALLY P.O,686543",VETERINARY HOSPITAL
Kottayam,"VH-NEDUMKUNNAM,NEDUMKUNNAM,NEDUMKUNNAM,686542",VETERINARY HOSPITAL
Kottayam,"VH-PAMPADY,PAMPADY,PAMPADY,686502",VETERINARY HOSPITAL
Kottayam,"VH-RAMAPURAM,RAMAPURAM,RAMAPURAM,686591",VETERINARY HOSPITAL
Kottayam,"VH-THALAYAZHAM,THALAYAZHAM,THALAYAZHAM,686607",VETERINARY HOSPITAL
Kottayam,"VH-THALAYOLAPARAMBU,THALAYOLAPPARAMBU,THALAYOLAPARAMBU,686605",VETERINARY HOSPITAL
Kottayam,"VH-VAIKOM,VAIKOM,686141",VETERINARY HOSPITAL
Kottayam,"VH-VAKATHANAM,VAKATHANAM,VAKATHANAM,686538",VETERINARY HOSPITAL
Kottayam,"VH-VAZHOOR,VAZHOOR,VAZHOOR,KODUGOOR,686504",VETERINARY HOSPITAL
Kottayam,"VPC-CHANGANACHERRY,CHANGANACHERRY,686507",VETERINARY POLY CLINIC
Kottayam,"VPC-KANJIRAPPALLY,KANHIRAPPALLY,KANJIRAPPALLY,686507",VETERINARY POLY CLINIC
Kottayam,"VPC-PALAI,PALA,686575",VETERINARY POLY CLINIC
Kottayam,"VPC-PARIYARAM,PUTHUPPALLY,PARIYARAM,0",VETERINARY POLY CLINIC
Idukki,"DVC-THODUPUZHA,THODUPUZHA P.O,685584",DISTRICT VETERINARY CENTRE
Idukki,"VD-ALAKODE,ALAKKODE,KALAYANTHANI P.O,685588",VETERINARY DISPENSARY
Idukki,"VD-ARAKULAM,ARAKKULAM,ARAKULAM P.O,685591",VETERINARY DISPENSARY
Idukki,"VD-CHEMMANNAR,UDUMPANCHOLA,CHEMMANNAR P.O,685554",VETERINARY DISPENSARY
Idukki,"VD-DEVIKULAM,MUNNAR,MATTUPETTY,685616",VETERINARY DISPENSARY
Idukki,"VD-ERATTAYAR,ERATTAYAR,ERATTYA NORTH P.O,685510",VETERINARY DISPENSARY
Idukki,"VD-KALTHOTTY,KANCHIYAR,KALTHOTTY P.O,685507",VETERINARY DISPENSARY
Idukki,"VD-KAMPAMMEDU (KOTTAR),KARUNAPURAM, KAMPAMMEDE (KOTTAR),0",VETERINARY DISPENSARY
Idukki,"VD-KANJIKUZHY,IDUKKI - KANJIKKUZHI,KANJIKUZHI P.O,685602",VETERINARY DISPENSARY
Idukki,"VD-KARIMANNOOR,KARIMANNOOR,KARIMANNOOR P.O,685581",VETERINARY DISPENSARY
Idukki,"VD-KEEZHANTHOOR,KANTHALLOOR,KEEZHANTHOOR P.O,KANTHALOOR,685620",VETERINARY DISPENSARY
Idukki,"VD-KODIKULAM,KODIKKULAM,KODIKULAM P.O,685582",VETERINARY DISPENSARY
Idukki,"VD-KUDAYATHOOR,KUDAYATHOOR P.O,685590",VETERINARY DISPENSARY
Idukki,"VD-KUMARAMANGALAM,KUMARAMANGALAM,KUMARAMANGALOM P.O,685597",VETERINARY DISPENSARY
Idukki,"VD-KUMILY,KUMILY,KUMALI P.O,685509",VETERINARY DISPENSARY
Idukki,"VD-KUNJITHANY,PALLIVASAL,KUNCHITHANNI P.O, TTENKADU P.O,685565",VETERINARY DISPENSARY
Idukki,"VD-KURIVILACITY,RAJAKUMARI,KULAPURACKAL P.O,685619",VETERINARY DISPENSARY
Idukki,"VD-MANGATHOTTY,SENAPATHY,ARUVILAMACHAL P.O,685619",VETERINARY DISPENSARY
Idukki,"VD-MANKULAM,MUNNAR,MANKULAM P.O,ARUVILAMACHAL(VIA),685565",VETERINARY DISPENSARY
Idukki,"VD-MARAYOOR,MARAYUR, MARAYOOR,0",VETERINARY DISPENSARY
Idukki,"VD-MATTUKATA,AYYAPPANKOVIL,AYYAPPANCOIL P.O,685507",VETERINARY DISPENSARY
Idukki,"VD-MLAMALA,VANTIPPERIYAR,THENGAKKAL P.O,685538",VETERINARY DISPENSARY
Idukki,"VD-MONGITHOZHU,KUMILY,VELLARAMUNNU P.O,685535",VETERINARY DISPENSARY
Idukki,"VD-MUKKULAM,KOKKAYAR,ELAMKADU P.O,686514",VETERINARY DISPENSARY
Idukki,"VD-MULLARINGADU,VANNAPPURAM,MULLARINGADU P.O,685582",VETERINARY DISPENSARY
Idukki,"VD-MUNIYARA,KONNATHADY,MUNIYARA,695",VETERINARY DISPENSARY
Idukki,"VD-NARAKAKKANAM,MARIYAPURAM,NARAKAKKANAM P.O,685602",VETERINARY DISPENSARY
Idukki,"VD-NETTITHOZHU,VANTANMEDU,NETTITHOZHU,695",VETERINARY DISPENSARY
Idukki,"VD-PANNIMATTOM,VELIYAMATTOM,PANNIMATTOM O.O,685558",VETERINARY DISPENSARY
Idukki,"VD-PARATHODE,KONNATHADY,KONNATHDY P.O,685571",VETERINARY DISPENSARY
Idukki,"VD-PAZHAMTHOTTAM,VATTAVADA, PAZHAMTHOTTAM,0",VETERINARY DISPENSARY
Idukki,"VD-PURAPUZHA,PURAPPUZHA,PURAPPUZHA P.O,685583",VETERINARY DISPENSARY
Idukki,"VD-PUTHUPARIYARAM,MANAKKADU,PUTHUPARIYARAM P.O,685584",VETERINARY DISPENSARY
Idukki,"VD-PUTTADY,VANTANMEDU,PUTTADY P.O,685551",VETERINARY DISPENSARY
Idukki,"VD-RAJAKKAD,RAJAKKADU,RAJAKKAD P.O,685566",VETERINARY DISPENSARY
Idukki,"VD-SANTHANPARA,SANTHANPARA,SANTHANPARA P.O,685619",VETERINARY DISPENSARY
Idukki,"VD-SOORYANELLY,CHINNAKKANAL,SOORYANELLI,CHINNAKKANAL P.O,685618",VETERINARY DISPENSARY
Idukki,"VD-TEACO BYSONVALLEY,BAISANVALLY, TEACO BYSONVALLEY,0",VETERINARY DISPENSARY
Idukki,"VD-THANKAMANY,KAMAKSHI,THANKAMANI P.O,685515",VETERINARY DISPENSARY
Idukki,"VD-THEKKUMBHAGAM,EDAVETTI,KALLANIKAL P.O,685585",VETERINARY DISPENSARY
Idukki,"VD-THOPRAKUDY,MARIYAPURAM,THOPRAKUDY P.O,685515",VETERINARY DISPENSARY
Idukki,"VD-UDUMBANOOR,UDUMPANNOOR,UDUMBANOOR P.O,685595",VETERINARY DISPENSARY
Idukki,"VD-UPPUTHARA,UPPUTHARA,UPPUTHARA P.O,685505",VETERINARY DISPENSARY
Idukki,"VD-VALAKODE,UPPUTHARA,MATHAIPPARA P.O,685505",VETERINARY DISPENSARY
Idukki,"VD-VANDIPERIYAR,VANTIPPERIYAR,VANDIPERIYAR P.O,685533",VETERINARY DISPENSARY
Idukki,"VD-VANNAPURAM,VANNAPPURAM,VANNAPURAM P.O,685582",VETERINARY DISPENSARY
Idukki,"VD-VATHUKUDY,VATHIKKUDY,MURIKKASSERY P.O,685602",VETERINARY DISPENSARY
Idukki,"VD-VATTAVADA,KOVILUR,695",VETERINARY DISPENSARY
Idukki,"VD-VAZHATHOPPU,VAZHATHOPPE,VAZHATHOPPU,THADIAMPADU P.O,685602",VETERINARY DISPENSARY
Idukki,"VD-VELLATHOOVAL,VELLATHOOVAL,VELLATHOOVAL P.O,685563",VETERINARY DISPENSARY
Idukki,"VH-ADIMALI,ADIMALI P.O,685561",VETERINARY HOSPITAL
Idukki,"VH-CHAKKUPALLAM,CHAKKUPALLAM,ANAKKARA P.O,685512",VETERINARY HOSPITAL
Idukki,"VH-ELAPPARA,ELAPPARA,ELAPPARA P.O,685501",VETERINARY HOSPITAL
Idukki,"VH-KALLAR,PAMPADUMPARA,VATTIAR P.O,685552",VETERINARY HOSPITAL
Idukki,"VH-KARIMKUNNAM,KARINKUNNAM,KARIMKUNNAM P.O,685586",VETERINARY HOSPITAL
Idukki,"VH-MUTTOM,MUTTAM,MUTTOM,685587",VETERINARY HOSPITAL
Idukki,"VH-NEDUMKANDOM,NEDUMKANDAM,NEDUMKANDOM P.O,685553",VETERINARY HOSPITAL
Idukki,"VH-PEERMEDU,PEERUMEDU,PEERUMADU,685531",VETERINARY HOSPITAL
Idukki,"VH-PERUVANTHANAM,PERUVANTHANAM,PERUVANATHANAM P.O,685532",VETERINARY HOSPITAL
Idukki,"VPC-KATTAPPANA,KATTAPPANA,KATTAPPANA P.O,685508",VETERINARY POLY CLINIC
Idukki,"VPC-MUNNAR,MUNNAR,MUNNAR P.O,685612",VETERINARY POLY CLINIC
Ernakulam,"DVC-ERNAKULAM,KOCHI,ERNAKULAM,CLUB ROAD,682011",DISTRICT VETERINARY CENTRE
Ernakulam,"VD-ARAKKUZHA,ARAKKUZHA,ARAKKUZHA,686673",VETERINARY DISPENSARY
Ernakulam,"VD-ARYANKAVU,AMBALLOOR,ARAYANKAVU,KULAYATTIKAKARA P.O,682315",VETERINARY DISPENSARY
Ernakulam,"VD-AVOLY,AVOLY,AVOLY,MUVATTUPUZHA (VIA),686677",VETERINARY DISPENSARY
Ernakulam,"VD-AYAVANA,AYAVANA,AYAVANA,KALAMPOOR,ERANALLOOR P.O,686673",VETERINARY DISPENSARY
Ernakulam,"VD-AYYAMPUZHA,AYYAMPUZHA,AYYAMPUZHA,ANGAMALY (VIA),683581",VETERINARY DISPENSARY
Ernakulam,"VD-CHEANALLUR,CHERANALLOOR,CHERANAKKOOR,682034",VETERINARY DISPENSARY
Ernakulam,"VD-CHELLANAM,CHELLANAM,CHELLANAM,CHELLANAM SOUTH P.O,682008",VETERINARY DISPENSARY
Ernakulam,"VD-CHENENGAMANADU,CHENGAMANADU,CHENGAMAND,683578",VETERINARY DISPENSARY
Ernakulam,"VD-CHERAI,PALLIPPURAM,CHERAI,683514",VETERINARY DISPENSARY
Ernakulam,"VD-CHERUVATHUR,NELLIKKUZHI,KOTHAMANGALAM (via),686691",VETERINARY DISPENSARY
Ernakulam,"VD-CHITTATTUKARA,CHITTATTUKARA,CHITTATTUKARA,683511",VETERINARY DISPENSARY
Ernakulam,"VD-CHOORNIKKARA,CHOORNIKKAR,THAIKKATTUKARA P.O,683106",VETERINARY DISPENSARY
Ernakulam,"VD-CHOTTANIKKARA,CHOTTANIKKARA,682312",VETERINARY DISPENSARY
Ernakulam,"VD-EDAKKATTUVAYAL,EDAKKATTUVAYAL,EDAKKATTUVAYAL,682313",VETERINARY DISPENSARY
Ernakulam,"VD-EDAKKUNNAM,KARUKUTTI, EDAKKUNNAM,0",VETERINARY DISPENSARY
Ernakulam,"VD-EDATHALA,EDATHALA,EDATHALA,ALUVA (VIA),683561",VETERINARY DISPENSARY
Ernakulam,"VD-EDAVANAKKAD,EDAVANAKKAD,6",VETERINARY DISPENSARY
Ernakulam,"VD-ELAMKUNNAPUZHA,ELAMKUNNAPPUZHA,ELAMKUNNAPUZHA,OCHANTHURUTH P.O,682502",VETERINARY DISPENSARY
Ernakulam,"VD-EZHIKKARA,EZHIKKARA,EZHIKKARA PANCHAYATH OFFICE BUILDING,683513",VETERINARY DISPENSARY
Ernakulam,"VD-KADAMAKKUDY,KADAMAKKUDY,KADAMAKKUDY,0",VETERINARY DISPENSARY
Ernakulam,"VD-KALLOORKADU,KALLOORKKADU,KALLOORKADU,MUVATTUPUZHA (via),686680",VETERINARY DISPENSARY
Ernakulam,"VD-KANGARAPPADY,KALAMASSERY,KANGARAPPADY,0",VETERINARY DISPENSARY
Ernakulam,"VD-KARUMALLOOR,KUMARALLUR, KARUMALLOOR,0",VETERINARY DISPENSARY
Ernakulam,"VD-KEEZHUMADU,KEEZHMADU,KEEZHUMADU,0",VETERINARY DISPENSARY
Ernakulam,"VD-KODANADU,KOOVAPPADY,KODANADU,0",VETERINARY DISPENSARY
Ernakulam,"VD-KOKKANNU,MUKKANNOOR, KOKKANNU,0",VETERINARY DISPENSARY
Ernakulam,"VD-KOMBANADU,VENGOOR,KOMBANADU,0",VETERINARY DISPENSARY
Ernakulam,"VD-KOTTUVALLY,KOTTUVALLY,KOTTUVALLY,683515",VETERINARY DISPENSARY
Ernakulam,"VD-KUMBALANGHY,KUMBALANGI,KUMBALANGI,682007",VETERINARY DISPENSARY
Ernakulam,"VD-KUNNUKARA,KUNNUKARA, KUNNUKARA,0",VETERINARY DISPENSARY
Ernakulam,"VD-KURUMASSERRY,PARAKKADAVU, KURUMASSERRY,0",VETERINARY DISPENSARY
Ernakulam,"VD-KUTTANPUZHA ,KUTTAMPUZHA,KUTTANPUZHA,0",VETERINARY DISPENSARY
Ernakulam,"VD-KUZHUPILLI,KUZHIPPILLY,KUZHUPILLI,0",VETERINARY DISPENSARY
Ernakulam,"VD-MALAYATTOOR,MALAYATOOR NEELESWARAM, MALAYATTOOR,0",VETERINARY DISPENSARY
Ernakulam,"VD-MANEED,MANEEDE,MANEED,0",VETERINARY DISPENSARY
Ernakulam,"VD-MANJAPPETTY,VAZHAKKULAM,MANJAPPEETTY,0",VETERINARY DISPENSARY
Ernakulam,"VD-MANJAPRA,MANJAPRA,MANJAPRA,683581",VETERINARY DISPENSARY
Ernakulam,"VD-MARADY,MARADY,MARADY,686673",VETERINARY DISPENSARY
Ernakulam,"VD-MARDU,MARADE,MARADU,682304",VETERINARY DISPENSARY
Ernakulam,"VD-MUDAKKUZHA,MUDAKKUZHA, MUDAKKUZHA,0",VETERINARY DISPENSARY
Ernakulam,"VD-MULAKULAM,PIRAVAM,MULAKULAM,0",VETERINARY DISPENSARY
Ernakulam,"VD-MULAVUKADU,MULAVUKADU,MULAVUKADU,0",VETERINARY DISPENSARY
Ernakulam,"VD-MUTHOLAPPURAM,ELANJI,MUTHOLAPPUTAM,0",VETERINARY DISPENSARY
Ernakulam,"VD-NAYARAMBALAM,NAYARAMBALAM,6",VETERINARY DISPENSARY
Ernakulam,"VD-NEDUMBASSERY,NEDUMBASSERY,ATHANI P.O,683585",VETERINARY DISPENSARY
Ernakulam,"VD-NELLAD,MUZHAVANNOOR,NELLAD P.O,686721",VETERINARY DISPENSARY
Ernakulam,"VD-NJARAKKAL,NJARAKKAL,6",VETERINARY DISPENSARY
Ernakulam,"VD-ODAKKALY,ASAMANNOOR,ODAKKALY,0",VETERINARY DISPENSARY
Ernakulam,"VD-OKKAL,KOOVAPPADY,OKKAL,0",VETERINARY DISPENSARY
Ernakulam,"VD-OONJAPPARA,KEERAMPARA,OONJAPPARA,0",VETERINARY DISPENSARY
Ernakulam,"VD-OORAMANA,RAMAMANGALAM,OORAMANA,0",VETERINARY DISPENSARY
Ernakulam,"VD-PAIGATTUR,PAINGOTTUR,PAIGATTUR,0",VETERINARY DISPENSARY
Ernakulam,"VD-PALAKKUZHA,PALAKKUZHA,PALAKKUZHA,0",VETERINARY DISPENSARY
Ernakulam,"VD-PALLIAIRMANGALAM,PALLARIMANGALAM,ADYVAL P.O,686671",VETERINARY DISPENSARY
Ernakulam,"VD-PAMPAKKUDA,PAMBAKKUDA,PAMPAKKUDA,0",VETERINARY DISPENSARY
Ernakulam,"VD-PANANGAD,KUMBALAM,PANAGAD,0",VETERINARY DISPENSARY
Ernakulam,"VD-PANGODE,AIKKARANADU,PANGODE,0",VETERINARY DISPENSARY
Ernakulam,"VD-PERINGALA,KUNNATHUNADE,PERINGALA,0",VETERINARY DISPENSARY
Ernakulam,"VD-PINDIMANA,PINDIMANA,PINDIMANA,0",VETERINARY DISPENSARY
Ernakulam,"VD-POTHANIKKAD,POTHANIKKADE,PULINTHANAM P.O,686671",VETERINARY DISPENSARY
Ernakulam,"VD-PUTHENVELIKKARA,PUTHENVELIKKARA,PUTHEN CRUZ,682308",VETERINARY DISPENSARY
Ernakulam,"VD-PUTHEYEDAM,KANJOOR, PUTHEYEDAM,0",VETERINARY DISPENSARY
Ernakulam,"VD-SOUTH PARUR,UDAYAMPERUR,SOUTH PARUR,0",VETERINARY DISPENSARY
Ernakulam,"VD-TEST,CHENNAMANGALAM,CHENDAMANGALAM,NORTH PARAVUR,683512",VETERINARY DISPENSARY
Ernakulam,"VD-THIRUMARADY,THIRUMARADY,THIRUMARADY,0",VETERINARY DISPENSARY
Ernakulam,"VD-THIRUVAMKULAM,THIRUVANKULAM,THIRUVANKULAM,0",VETERINARY DISPENSARY
Ernakulam,"VD-THRIKKAKKARA,THRIKKAKKARA,THRIKKAKKARA,0",VETERINARY DISPENSARY
Ernakulam,"VD-THRIKKALATHUR,PAYIPRA,THRIKKALATHUR,0",VETERINARY DISPENSARY
Ernakulam,"VD-THURAVOOR,KOCHI,THURAVOOR,6",VETERINARY DISPENSARY
Ernakulam,"VD-THURUTHY,MUDAKKUZHA,NEDUMBASSERY P.O,683595",VETERINARY DISPENSARY
Ernakulam,"VD-VADAKKEKKARA,VADAKKEKKARA, VADAKKEKKARA,0",VETERINARY DISPENSARY
Ernakulam,"VD-VARAPPETTY,VARAPPETTI,VARAPPETTY,0",VETERINARY DISPENSARY
Ernakulam,"VD-VELIYATHUNAD,KUMARALLUR, VELIYATHUNAD,695132",VETERINARY DISPENSARY
Ernakulam,"VD-VENNALA,KOCHI,VENNALA,0",VETERINARY DISPENSARY
Ernakulam,"VD-VENNIKKULAM,THIRUVANIYOOR,VENNIKKULAM,0",VETERINARY DISPENSARY
Ernakulam,"VD-WEST KADUNGALLOR,KADUNGALLOOR,WEST KADUGALLOR,0",VETERINARY DISPENSARY
Ernakulam,"VD-WEST VENGOLA,VENGOLA,WEST VENGOLA,0",VETERINARY DISPENSARY
Ernakulam,"VH-ALANGAD,ALANGAD,ALENGAD,NEERICODE P.O,KODUVAZHANGA,ALUVA,683511",VETERINARY HOSPITAL
Ernakulam,"VH-ANGAMALI,ANGAMALY,683582",VETERINARY HOSPITAL
Ernakulam,"VH-CHENNAMANGALAM,CHENNAMANGALAM,CHENDAMANGALAM,NORTH PARAVUR,683512",VETERINARY HOSPITAL
Ernakulam,"VH-EDAPPALLY,EDAPPALLY,682024",VETERINARY HOSPITAL
Ernakulam,"VH-ELOOR,ELOOR,ELOOR,UDYOGAMANDAL,683501",VETERINARY HOSPITAL
Ernakulam,"VH-KALADY,KALADY,KALADY,683574",VETERINARY HOSPITAL
Ernakulam,"VH-KIZHAKKAMBALAM,KIZHAKKAMBALAM,KIZHAKKAMBALAM,683562",VETERINARY HOSPITAL
Ernakulam,"VH-KOLENCHERRY,PUTHRUKKA,KOLENCHERY,682311",VETERINARY HOSPITAL
Ernakulam,"VH-KOOTHATTUKULAM,KUTHATTUKULAM,KOOTHATTUKULAM,686662",VETERINARY HOSPITAL
Ernakulam,"VH-KOTHAMANGALAM,KOTHAMANGALAM,6",VETERINARY HOSPITAL
Ernakulam,"VH-KOTTAPPADY,KOTTAPPADY,KOTTAPPADY,PERUMBAVOOR (via),686695",VETERINARY HOSPITAL
Ernakulam,"VH-NEDUMBASSERY,NEDUMBASSERY,Mekkad,683589",VETERINARY HOSPITAL
Ernakulam,"VH-OONNUKKAL,KAVALNGADU,OONNUKKSL P.O,KOTHAMANGALAM,686661",VETERINARY HOSPITAL
Ernakulam,"VH-PALLURUTHY,KOCHI,PALLURUTHY,682006",VETERINARY HOSPITAL
Ernakulam,"VH-PERMBAVOOR,PERUMBAVUR,PERMBAVOOR,683542",VETERINARY HOSPITAL
Ernakulam,"VH-PIRAVAM,PIRAVAM,PIRAVOM,686664",VETERINARY HOSPITAL
Ernakulam,"VH-PUHTENCRUZ,VADAVUKODE PUTHENKURISE,PUTHENCRUZ,682308",VETERINARY HOSPITAL
Ernakulam,"VH-SREEMOOLANAGARAM,SREEMULANAGARAM,SREEMOOLANGARAM,683580",VETERINARY HOSPITAL
Ernakulam,"VH-THRIPUNITHARA,THRIPPUNITHARA,THRIPUNITHARA,682301",VETERINARY HOSPITAL
Ernakulam,"VH-VALAKAM,VALAKAM,KUNNAKAL P.O,682316",VETERINARY HOSPITAL
Ernakulam,"VH-VALAYAN CHIRANGARA,RAYAMANGALM,VALAYAN CHIRANGARA,0",VETERINARY HOSPITAL
Ernakulam,"VH-VARAPUZHA,VARAPPUZHA,VARAPUZHA,683517",VETERINARY HOSPITAL
Ernakulam,"VH-VAZHAKKULAM,MANJALLOOR,VAZHAKKULAM,0",VETERINARY HOSPITAL
Ernakulam,"VPC-ALUVA,ALUVA,ALUVA,683561",VETERINARY POLY CLINIC
Ernakulam,"VPC-MATTANCHERRY,KOCHI,MATTANCHERY,682002",VETERINARY POLY CLINIC
Ernakulam,"VPC-MULANTHURUTHY,MULAMTHURUTHY,MULANTHURUTHY,682314",VETERINARY POLY CLINIC
Ernakulam,"VPC-MUVATTUPUZHA,MUVATTUPUZHA,686661",VETERINARY POLY CLINIC
Ernakulam,"VPC-NORTH PARUR,NORTH PARAVUR,683513",VETERINARY POLY CLINIC
Thrissur,"DVC-THRISSUR,THIRUVAMPAADY, THRISSUR,680001",DISTRICT VETERINARY CENTRE
Thrissur,"VD-ARIMPUR,ARIMPOOR,ARIMPUR,0",VETERINARY DISPENSARY
Thrissur,"VD-ARTHAT,ARTHAT,0",VETERINARY DISPENSARY
Thrissur,"VD-ASHTHAMICHIRA,MALA,ASHITHAMICHIRA P.O,0",VETERINARY DISPENSARY
Thrissur,"VD-ATHIRAPPALLY,ATHIRAPPALLY,ATHIRAPPALLY,0",VETERINARY DISPENSARY
Thrissur,"VD-AYYANTHOLE,PULLAZHI,680012",VETERINARY DISPENSARY
Thrissur,"VD-CHAIPANKUZHY,KODASSERY,CHAIPAMKUZHY P.O,680721",VETERINARY DISPENSARY
Thrissur,"VD-CHENGALLUR,PUTHUKKAD,CHANGALOOR P.O,680312",VETERINARY DISPENSARY
Thrissur,"VD-CHIRAKKAKODE,MADAKKATHARA,CHIRAKKAKODE,0",VETERINARY DISPENSARY
Thrissur,"VD-CHOONDAL,CHOONDAL,CHOONDAL,0",VETERINARY DISPENSARY
Thrissur,"VD-CHOWANNUR,CHOONDAL,680721",VETERINARY DISPENSARY
Thrissur,"VD-DESAMANGALAM,DESAMANGALAM,DESAMANGALAM P.O,679532",VETERINARY DISPENSARY
Thrissur,"VD-EDAKKULAM,AVANNOOR,EDAKKULAM,0",VETERINARY DISPENSARY
Thrissur,"VD-EDATHURUTHY,EDATHIRUTHY,EDATHURUTHY P.O,680687",VETERINARY DISPENSARY
Thrissur,"VD-EDAVILANGU,EDAVILANGU P.O,680671",VETERINARY DISPENSARY
Thrissur,"VD-ELANAD,PAZHAYANNOOR,ELANAD P.O,680586",VETERINARY DISPENSARY
Thrissur,"VD-ELAVALLY,ELAVALLY,ELAVALLY SOUTH P.O,680511",VETERINARY DISPENSARY
Thrissur,"VD-ENGANDIYUR,ENGANTIYOOR,CHAVAKKAD P.O,680506",VETERINARY DISPENSARY
Thrissur,"VD-ERIYAD ,ERIYAD P .O,680671",VETERINARY DISPENSARY
Thrissur,"VD-ERUMAPETTY,ERUMAPETTY,ERUMAPETTY P.O,680584",VETERINARY DISPENSARY
Thrissur,"VD-GURUVAYOOR,GURUVAYOOR P.O,680101",VETERINARY DISPENSARY
Thrissur,"VD-KADAPPURAM,KADAPPURAM P.O,680514",VETERINARY DISPENSARY
Thrissur,"VD-KAKULISSERY,KUZHOOR,KAKULISSERY,0",VETERINARY DISPENSARY
Thrissur,"VD-KARALAM,KARALAM,KARALAM P.O,680711",VETERINARY DISPENSARY
Thrissur,"VD-KARUVANNUR,PORATHISSERY,KARUVANNUR P.O,680711",VETERINARY DISPENSARY
Thrissur,"VD-KATTAKAMPAL,KATTAKAMPAL,KATTAKAMPAL P.O,0",VETERINARY DISPENSARY
Thrissur,"VD-KATTILAPOORAM,MADAKKATHARA,KATTILAPOORAM P.O,680651",VETERINARY DISPENSARY
Thrissur,"VD-KATTUR,KATTOOR,KATTUR,0",VETERINARY DISPENSARY
Thrissur,"VD-KILLANNUR,MULAMKUNNATHUKAVU,KILLANNUR,0",VETERINARY DISPENSARY
Thrissur,"VD-KOORKANCHERY,KANIMANGALAM,680027",VETERINARY DISPENSARY
Thrissur,"VD-KORATTY,KORATTY,KORATTY P.O,680308",VETERINARY DISPENSARY
Thrissur,"VD-KOTTANALLUR,VELOOKKARA,KOTTANALLUR P.O,680672",VETERINARY DISPENSARY
Thrissur,"VD-KUNDUR,KUZHOOR,KUNDUR P.O,680734",VETERINARY DISPENSARY
Thrissur,"VD-KUTTUR,KOLAZHI,KUTTUR P.O,680734",VETERINARY DISPENSARY
Thrissur,"VD-MACHAD,THEKKUMKARA,MACHAD,0",VETERINARY DISPENSARY
Thrissur,"VD-MAMBRA,ANNAMANADA,MAMBRA,0",VETERINARY DISPENSARY
Thrissur,"VD-MANALUR,MANALOOR,MANALOOR P.O,680611",VETERINARY DISPENSARY
Thrissur,"VD-MARATHAMCODE,KADANGODE,MARATHAMCODE,0",VETERINARY DISPENSARY
Thrissur,"VD-MATTOM,KANDANASSERY,MATTOM P.O,680602",VETERINARY DISPENSARY
Thrissur,"VD-MAYANNUR,KONTAZHI,MAYANNUR,0",VETERINARY DISPENSARY
Thrissur,"VD-MELUR,MELOOR,MELUR,0",VETERINARY DISPENSARY
Thrissur,"VD-MOORKANIKKARA,NADATHARA,MOORKANIKKARA,0",VETERINARY DISPENSARY
Thrissur,"VD-MULLASSERY,MULLASSERY,MULLASSERY P.O,680509",VETERINARY DISPENSARY
Thrissur,"VD-MULLOORKKARA,MULLOORKKARA,MULLOORKKARA P.O,680583",VETERINARY DISPENSARY
Thrissur,"VD-MUNDATHICODE,MUNDATHIKKODE,MUNDATHIKODE,0",VETERINARY DISPENSARY
Thrissur,"VD-MURIYAD,MURIYAD,MURIYAD,0",VETERINARY DISPENSARY
Thrissur,"VD-NARAYAMANGALAM,NARAYAMANGALAM,0",VETERINARY DISPENSARY
Thrissur,"VD-NERMENIKARA,NENMANIKKARA,CHITTSSERI P.O,680301",VETERINARY DISPENSARY
Thrissur,"VD-ORUMANAYOOR,ORUMANAYOOR,ORUMANAYOOR P.O,680512",VETERINARY DISPENSARY
Thrissur,"VD-PADIYUR,PADIYOOR,PADIYOOR,680695",VETERINARY DISPENSARY
Thrissur,"VD-PAMPADY,THIRUVILVAMALA,PAMPADY P.O,680597",VETERINARY DISPENSARY
Thrissur,"VD-PANJAL,PANJAL,PAIMKULAM P.O,679531",VETERINARY DISPENSARY
Thrissur,"VD-PARAPPUKKARA,PARAPPOOKKARA,PARAPPUKKARA P.O,680310",VETERINARY DISPENSARY
Thrissur,"VD-PARAPUR,PARAPUR,680552",VETERINARY DISPENSARY
Thrissur,"VD-PARIYARAM,PARIYARAM,PARIYARAM P.O,680721",VETERINARY DISPENSARY
Thrissur,"VD-PAVARATTY,PAVARATTI,PAVARATY P.O,680507",VETERINARY DISPENSARY
Thrissur,"VD-PAZHUVIL,CHAZHOOR,PAZHUVIL WEST P.O,680564",VETERINARY DISPENSARY
Thrissur,"VD-PERINJANAM,PERINJANAM,PERIJANAM EAST P.O,680688",VETERINARY DISPENSARY
Thrissur,"VD-PERUMPILAVU,KADAVALLOOR,PERUMPILAVU,0",VETERINARY DISPENSARY
Thrissur,"VD-POOKODE,POOKKODE,THOZHIYUR P.O,680520",VETERINARY DISPENSARY
Thrissur,"VD-POOMALA,MULAMKUNNATHUKAVU,POOMALA P.O,680581",VETERINARY DISPENSARY
Thrissur,"VD-POOMANGALAM,POOMANGALAM,ARIPPALAM,680688",VETERINARY DISPENSARY
Thrissur,"VD-POOPATHY,POYYA,POOPATHY P.O,680733",VETERINARY DISPENSARY
Thrissur,"VD-PORKULAM,PORKKULAM,MANGAD (west) P.O,680542",VETERINARY DISPENSARY
Thrissur,"VD-PULACODU,CHELAKKARA,PULACODU,0",VETERINARY DISPENSARY
Thrissur,"VD-PUNNAYUR,PUNNAYOOR,PUNNAYUR P.O,619562",VETERINARY DISPENSARY
Thrissur,"VD-PUNNAYURKULAM,PUNNAYOORKKULAM,PUNNAYURKULAM P.O,679567",VETERINARY DISPENSARY
Thrissur,"VD-PURANATTUKARA,ADAT, ,0",VETERINARY DISPENSARY
Thrissur,"VD-PUTHENCHIRA,PUTHENCHIRA,PUTHENCHIRA P.O,680682",VETERINARY DISPENSARY
Thrissur,"VD-PUTHUKKAD,PUTHUKKAD,PUTHUKKAD,0",VETERINARY DISPENSARY
Thrissur,"VD-PUTHUR,PUTHOOR,PUTHUR P.O,680014",VETERINARY DISPENSARY
Thrissur,"VD-SREENARAYANAPURAM,SREENARAYANAPURAM,VEMBALLOOR WEST P.O,680617",VETERINARY DISPENSARY
Thrissur,"VD-THAIKKAD,THAIKKADU,THAIKKADP.O,680104",VETERINARY DISPENSARY
Thrissur,"VD-THALIKKULAM,THALIKKULAM,THALIKKULAM P.O,680569",VETERINARY DISPENSARY
Thrissur,"VD-THANNIKKUDAM,MADAKKATHARA,THANNIKULAM P.O,680734",VETERINARY DISPENSARY
Thrissur,"VD-THANNIUM,THANNIYAM,KIZHUPILLIKARA P.O,680705",VETERINARY DISPENSARY
Thrissur,"VD-THIPPILISSERY,KADAVALLOOR,THIPPILISSERY,0",VETERINARY DISPENSARY
Thrissur,"VD-THRIKKUR,THRIKKUR,THIRUKKUR,0",VETERINARY DISPENSARY
Thrissur,"VD-THRIPRAYAR,NATTIKA,THIPRAYAR,0",VETERINARY DISPENSARY
Thrissur,"VD-VALLACHIRA,VALLACHIRA,VALLACHIRA P.O,680562",VETERINARY DISPENSARY
Thrissur,"VD-VALOOR,KADUKKUTTY,VELOOR P.O,680601",VETERINARY DISPENSARY
Thrissur,"VD-VARANDARAPPILLY,VARANTHARAPPILLY,VARANDRAPPILLY P.O,680303",VETERINARY DISPENSARY
Thrissur,"VD-VARAVOOR,VARAVUR,VARAVOOR P.O,680585",VETERINARY DISPENSARY
Thrissur,"VD-VATANAPPALLY,VADANAPPALLY,VADANAPPILY P.O,680671",VETERINARY DISPENSARY
Thrissur,"VD-VELLIKULANGARA,MATTATHOOR,VELLIKULANGARA(via)KODAKARA,680695",VETERINARY DISPENSARY
Thrissur,"VD-VELUR,VELUR,VELOOR P.O,680601",VETERINARY DISPENSARY
Thrissur,"VD-VENGINISSERY,PARALAM,VENGINISSERY,PARALAM PO,680575",VETERINARY DISPENSARY
Thrissur,"VD-VENKITANGU,MULLASSERY,VENKITANGU,0",VETERINARY DISPENSARY
Thrissur,"VD-VYATHALA,KADUKKUTTY,VAYATHALA,0",VETERINARY DISPENSARY
Thrissur,"VD-VYLATHUR,VADAKKEKKADE,VYLATHUR P.O,NJAMANGAAD,679563",VETERINARY DISPENSARY
Thrissur,"VH-ALOOR,ALOOR,ALOOR,(via)KALLETUMKARA,680683",VETERINARY HOSPITAL
Thrissur,"VH-AMBALLOOR,ALAGAPPA NAGAR,AMBALLOOR,0",VETERINARY HOSPITAL
Thrissur,"VH-AVINISSERY,AVINISSERY,AVINISSERY P.O,680313",VETERINARY HOSPITAL
Thrissur,"VH-CHALAKKUDY,CHALAKKUDY P.O,680307",VETERINARY HOSPITAL
Thrissur,"VH-CHAVAKKAD,CHAVAKKAD,0",VETERINARY HOSPITAL
Thrissur,"VH-CHELAKKARA,CHELAKKARA,CHELAKKARA P.O,680561",VETERINARY HOSPITAL
Thrissur,"VH-CHERPU,AVINISSERY,CHERPU WEST P.O,680561",VETERINARY HOSPITAL
Thrissur,"VH-CHERUTHURUTHY,VALLATHOLE NAGAR,CHERUTHURUTHY PO,679531",VETERINARY HOSPITAL
Thrissur,"VH-KAIPAMANGALAM,KAIPPAMANGALAM,KAIPAMANGALAM P.O,680687",VETERINARY HOSPITAL
Thrissur,"VH-KODAKARA,KODAKARA,KODAKARA,0",VETERINARY HOSPITAL
Thrissur,"VH-KUMBIDY,ANNAMANADA,KUMBIDY,0",VETERINARY HOSPITAL
Thrissur,"VH-MANNAMANGALAM,PUTHOOR,MANNAMANGALAM P.O,680014",VETERINARY HOSPITAL
Thrissur,"VH-MATHILAKAM,MATHILAKAM,MATHILAKAM P.O,680685",VETERINARY HOSPITAL
Thrissur,"VH-MUNDUR,KAIPPARAMP,MUNDUR P.O,680541",VETERINARY HOSPITAL
Thrissur,"VH-OLLUR,OLLUR,680306",VETERINARY HOSPITAL
Thrissur,"VH-PANACHERRY,PANANCHERY,PANACHERRY,0",VETERINARY HOSPITAL
Thrissur,"VH-PAZHAYANNUR,PAZHAYANNOOR,PAZHAYANNUR P.O,680587",VETERINARY HOSPITAL
Thrissur,"VH-THIROOR,KOLAZHI,THIROOR,MG KAVU P.O,680581",VETERINARY HOSPITAL
Thrissur,"VH-VALAPPAD ,VALAPPAD,VALAPPAD P.O,680567",VETERINARY HOSPITAL
Thrissur,"VH-VELLANGALLUR,VELLANGALLOOR,VELLANGALLUR P.O,0",VETERINARY HOSPITAL
Thrissur,"VH-VENIYAMPARA,PANANCHERY,VANIYAMPARA P.O,680652",VETERINARY HOSPITAL
Thrissur,"VH-VILVATTOM,RAMAVARMAPURAM,680631",VETERINARY HOSPITAL
Thrissur,"VPC- KODUNGALUR,KODUGALUR,0",VETERINARY POLY CLINIC
Thrissur,"VPC-ANTHICAD,ANTHIKKAD,ANTHIKKAD P.O,680641",VETERINARY POLY CLINIC
Thrissur,"VPC-IRINJALAKKUDA,IRIJALAKKUDA P.O,821278",VETERINARY POLY CLINIC
Thrissur,"VPC-KUNNAMKULAM,KUNNAMKULAM,0",VETERINARY POLY CLINIC
Thrissur,"VPC-MALA,MALA,KURUVILASSERY P.O,680735",VETERINARY POLY CLINIC
Thrissur,"VPC-VADAKKANCHERRY,VADAKKANCHERY,VADAKKANCHERRY,0",VETERINARY POLY CLINIC
Palakkad,"DVC-PALAKKAD,PALAKKAD,VETERINARY CAMPUS,678001",DISTRICT VETERINARY CENTRE
Palakkad,"VD- PATTITHARA,PATTITHARA,PATTITHARA MALA,679534",VETERINARY DISPENSARY
Palakkad,"VD-AKATHETHARA,AKATHETHARA,AKATHETHARA,678008",VETERINARY DISPENSARY
Palakkad,"VD-ALANALLUR,ALANALLOOR,ALANALLUR,678601",VETERINARY DISPENSARY
Palakkad,"VD-AMBALAPPARA,AMBALAPPARA,AMBALAPPARA,678514",VETERINARY DISPENSARY
Palakkad,"VD-ANANGANADI,ANANGANADY,ANANGANADI,679501",VETERINARY DISPENSARY
Palakkad,"VD-CHALISSERY,CHALISSERY,CHALISSERY,679536",VETERINARY DISPENSARY
Palakkad,"VD-CHITTILANCHERY,MELARKODE,CHITTALAMCHERI,678704",VETERINARY DISPENSARY
Palakkad,"VD-EDATHANATTUKARA,ALANALLOOR,EDATHANATTUKARA,VATTAMANNAPPURAM,678601",VETERINARY DISPENSARY
Palakkad,"VD-ELAVANCHERY,ELAVANCHERY,ELAVAMCHERI,678508",VETERINARY DISPENSARY
Palakkad,"VD-ERIMAYUR,ERIMAYOOR,ERIMAYUR,678546",VETERINARY DISPENSARY
Palakkad,"VD-ERUTHEMPATHY,ERUTHEMPATHY,ERUTHEMPATHY,RV PUTHUR,678555",VETERINARY DISPENSARY
Palakkad,"VD-EZHUMANGAD,THIRUMIGGAKKOD,EZHUMANGAD,680593",VETERINARY DISPENSARY
Palakkad,"VD-KADAMPAZHIPURAM,KADAMBAZHIPPURAM,KADAMPAZHIPURAM,678633",VETERINARY DISPENSARY
Palakkad,"VD-KAILIAD,CHALAVARA,KAILIAD,679122",VETERINARY DISPENSARY
Palakkad,"VD-KAIRADI,AYILOOR,KAIRADI,678510",VETERINARY DISPENSARY
Palakkad,"VD-KALLADICODE,KARIMBA,KALLADICODE,678596",VETERINARY DISPENSARY
Palakkad,"VD-KALLUR,MANKARA,KALLUR(via), KERALASSERI,678641",VETERINARY DISPENSARY
Palakkad,"VD-KALLUVAZHY,POOKKOTTUKAVU,KALLUVAZHI,679504",VETERINARY DISPENSARY
Palakkad,"VD-KANJIKKODE,PUTHYSSERY,KANJIKKODE,678621",VETERINARY DISPENSARY
Palakkad,"VD-KANJIRAPPUZHA,KANJIRAPPUZHA,KANJIRAPUZHA,678591",VETERINARY DISPENSARY
Palakkad,"VD-KANNADI,KANNADY,KANNADI,678701",VETERINARY DISPENSARY
Palakkad,"VD-KARAKURISSI,KARAKKURISSY,KARAKURISSI,ARAPPARA,678595",VETERINARY DISPENSARY
Palakkad,"VD-KARIMPUZHA,KARIMBUZHA,KARIMPUZHA,POMBRA,678595",VETERINARY DISPENSARY
Palakkad,"VD-KAZHANI CHUNGAM,KAVASSERY,KAZHANICHANGAM,678543",VETERINARY DISPENSARY
Palakkad,"VD-KERALASSERY,KERALASSERY,KERALASSERI,678641",VETERINARY DISPENSARY
Palakkad,"VD-KIZHAKKENCHERY,KIZHAKKANCHERY,KIZHAKKENCHERY,678684",VETERINARY DISPENSARY
Palakkad,"VD-KODUMBA,KODUMBA,KODUMBA,678551",VETERINARY DISPENSARY
Palakkad,"VD-KODUVAYUR,KODUVAYOOR,KODUVAYOOR,678501",VETERINARY DISPENSARY
Palakkad,"VD-KONGAD,KONGAD,KONGAD,678631",VETERINARY DISPENSARY
Palakkad,"VD-KOODALLUR,ANAKKARA,KOODALLUR,0",VETERINARY DISPENSARY
Palakkad,"VD-KOPPAM,KOPPAM,KOPPAM,679307",VETERINARY DISPENSARY
Palakkad,"VD-KOTTAYI,KOTTAYI,KOTTAYI,678572",VETERINARY DISPENSARY
Palakkad,"VD-KOTTOPADAM,KOTTOPPADAM,KOTTAPPADAM,678583",VETERINARY DISPENSARY
Palakkad,"VD-KOZHIPPARA,VADAKARAPATHY,KOZHIPPARA,679554",VETERINARY DISPENSARY
Palakkad,"VD-KULUKKALLOOR,KULUKKALLOOR,KULUKKALLOOR,679337",VETERINARY DISPENSARY
Palakkad,"VD-KUMARAMPUTHUR,KUMARAMPUTHOOR,KUMARAMPUTHUR,PAYYANEDAM,678583",VETERINARY DISPENSARY
Palakkad,"VD-KUTHANNUR,KUTHANNOOR,KUDALLUR,679554",VETERINARY DISPENSARY
Palakkad,"VD-LAKKIDIPERUR,LAKKIDIPEROOR,LAKKIDIPERUR,679301",VETERINARY DISPENSARY
Palakkad,"VD-MALAMPUZHA,MALAMPUZHA,MALAMPUZHA,678651",VETERINARY DISPENSARY
Palakkad,"VD-MANKARA,MANKARA,MANKARA,678613",VETERINARY DISPENSARY
Palakkad,"VD-MANNUR,MANNOOR,MANNUR,678642",VETERINARY DISPENSARY
Palakkad,"VD-MARUTHARODE,MARUTHAROAD,MARUTHARODE, KALLEPPULLY,678007",VETERINARY DISPENSARY
Palakkad,"VD-MATHUR,MATHOOR,MATHUR,678572",VETERINARY DISPENSARY
Palakkad,"VD-MEENAKSHIPURAM,PERUMATTI,MEENAKSHIPURAM,678533",VETERINARY DISPENSARY
Palakkad,"VD-MEZHATHU,THRITHALA,MEZHATHUR,679534",VETERINARY DISPENSARY
Palakkad,"VD-MUNDUR,MUNDOOR,MUNDUR,678592",VETERINARY DISPENSARY
Palakkad,"VD-MUTHUKURISSI,THACHAMPARA,THACHAMPARA,0",VETERINARY DISPENSARY
Palakkad,"VD-MUTHUTHALA,MUTHUTHALA,MUTHUTHALA,KOZHIKKATTIRI,679303",VETERINARY DISPENSARY
Palakkad,"VD-NAGALASSERY,NAGALASSERY,NAGALASSERI,PERINGODE,679304",VETERINARY DISPENSARY
Palakkad,"VD-NAN IODE,PATTAMCHERY,NANNODE,678534",VETERINARY DISPENSARY
Palakkad,"VD-NELIYAMPATHY,NELLIYAMPATHY,NELIYAMPATHY,678511",VETERINARY DISPENSARY
Palakkad,"VD-NELLAYA,NELLAYA,NELLAYA,679335",VETERINARY DISPENSARY
Palakkad,"VD-PALAPPALLAM,NALLEPPILLI,PALAPALLAM(via),PATTAMBI,679312",VETERINARY DISPENSARY
Palakkad,"VD-PALLASSENA,PALLASSANA,PALLASSENA,678505",VETERINARY DISPENSARY
Palakkad,"VD-PALLIPPURAM,PARUTHOOR,PALLIPURAM(via),PATTAMBI,679312",VETERINARY DISPENSARY
Palakkad,"VD-PATTAMBI,ONGALLOOR,PATTAMBI,679312",VETERINARY DISPENSARY
Palakkad,"VD-PERUNGOTTUKURISSI,PERINGOTTUKURISSY,PERUNGOTTUKURISSI,678574",VETERINARY DISPENSARY
Palakkad,"VD-PERUVAMBA,PERUVEMB,PERUVAMBA,678531",VETERINARY DISPENSARY
Palakkad,"VD-PIRAYIRI,PIRAYIRI,PIRAYIRI, KODUMTHISAPPILLI,678004",VETERINARY DISPENSARY
Palakkad,"VD-POPULLY,POLPPULLY,POPULLY,678552",VETERINARY DISPENSARY
Palakkad,"VD-POTHUNDI,NENMARA,POTHUDI,678508",VETERINARY DISPENSARY
Palakkad,"VD-PUDUNAGRAM,PUTHUNAGARAM,PRDUNGARAM,678503",VETERINARY DISPENSARY
Palakkad,"VD-PUDUPERIYARAM,PUTHUPPARIYARAM,PUDUPPARIYARAM,MUTTIKULANGARA,678594",VETERINARY DISPENSARY
Palakkad,"VD-PUDUR,PUTHUR,PUTHUR,ATTAPPADI,678741",VETERINARY DISPENSARY
Palakkad,"VD-PUTHUCODE,PUTHUKKODE,PUTHUCODE,678689",VETERINARY DISPENSARY
Palakkad,"VD-SHOLAYUR,SHOLAYAR,SOLAYUR,678581",VETERINARY DISPENSARY
Palakkad,"VD-THACHANATTUKARA,THACHANATTUKARA,THACHANATTUKARA,CHETHALLUR,678609",VETERINARY DISPENSARY
Palakkad,"VD-THARUR,THARUR,THARUR,678544",VETERINARY DISPENSARY
Palakkad,"VD-THENKARA,MANNARKKAD,THENKARA,695863",VETERINARY DISPENSARY
Palakkad,"VD-THENKURRISSI,THENKURISSY,THENKURISSI, VILAYANNUR,678671",VETERINARY DISPENSARY
Palakkad,"VD-THIRUVEGAPPURA,THIRUVEGAPPURA,THIRUVEGAPPURA,679304",VETERINARY DISPENSARY
Palakkad,"VD-THRIKKADEERI,THRIKKADIRY,THRIKKADEERI,MANGODE,679503",VETERINARY DISPENSARY
Palakkad,"VD-VADAVANNUR,VADAVANNOOR,VADAVANNUR,678504",VETERINARY DISPENSARY
Palakkad,"VD-VALLAPPUZHA,VALLAPPUZHA,VALLAPPUZHA,679336",VETERINARY DISPENSARY
Palakkad,"VD-VALLUR,PATTAMBI,VALLUR(via),PATTAMBI,679310",VETERINARY DISPENSARY
Palakkad,"VD-VANDAZHY,VANTAZHI,VANDAZHY,678705",VETERINARY DISPENSARY
Palakkad,"VD-VANIYAMKULAM,VANIYAMKULAM,VANIYAMKULAM,256458",VETERINARY DISPENSARY
Palakkad,"VD-VELLINEZHY,VELLINEZHY,VELLINEZHY, KULAKKAD,679503",VETERINARY DISPENSARY
Palakkad,"VD-VILAYUR,VILAYOOR,VILAYUR,679309",VETERINARY DISPENSARY
Palakkad,"VD-WALAYAR,PUTHYSSERY,WALAYAR, CHANDRAPURAM,678624",VETERINARY DISPENSARY
Palakkad,"VH-AGALI,AGALI,AGALI,679503",VETERINARY HOSPITAL
Palakkad,"VH-CHERPULASSERY,CHERPLASSERY,CHERPULASSERI,679503",VETERINARY HOSPITAL
Palakkad,"VH-ELAPPULLY,ELAPPULLY,ELAPALLY,678622",VETERINARY HOSPITAL
Palakkad,"VH-KANNAMBRA,KANNAMPRA,KANNAMBRA,678686",VETERINARY HOSPITAL
Palakkad,"VH-KOLENGODE,KOLLANKODE,KOLLENGODE,678506",VETERINARY HOSPITAL
Palakkad,"VH-KOZHINJAMPARA,KOZHINJAMPARA,KOZHINJAMPARA,678555",VETERINARY HOSPITAL
Palakkad,"VH-KUMARANALLUR,KAPPUR,KUMARANLLUR,679552",VETERINARY HOSPITAL
Palakkad,"VH-KUZHALMANNAM,KUZHALMANDAM,KUZHALMANNAM,678702",VETERINARY HOSPITAL
Palakkad,"VH-MUTHALAMADA,MUTHALAMADA,MUTHALAMADA,678507",VETERINARY HOSPITAL
Palakkad,"VH-NENMARA,NENMARA,NENMARA,678508",VETERINARY HOSPITAL
Palakkad,"VH-PARALI,PARALI,PARALI,678612",VETERINARY HOSPITAL
Palakkad,"VH-SHORANUR,SHORANUR,0",VETERINARY HOSPITAL
Palakkad,"VH-SREEKRISHNAPURAM,SREEKRISHANAPURAM,SREEKRISHNAPURAM,679513",VETERINARY HOSPITAL
Palakkad,"VH-VADAKKENCHERI,VADAKKENCHERY,VADAKKAMCHERI,678683",VETERINARY HOSPITAL
Palakkad,"VPC-ALATHUR,ALATHUR,ALATHUR,678541",VETERINARY POLY CLINIC
Palakkad,"VPC-CHITTOOR,CHITUR,678102",VETERINARY POLY CLINIC
Palakkad,"VPC-MANNARKKAD,MANNARKKAD,MANARKKAD,678582",VETERINARY POLY CLINIC
Palakkad,"VPC-OTTAPPALAM,OTTAPPALAM,679101",VETERINARY POLY CLINIC
Malappuram,"DVC-MALAPPURAM,MALAPPURAM,676505",DISTRICT VETERINARY CENTRE
Malappuram,"VD-ALIPARAMBA,ALIPPARAMB,ALIPARAMBA,0",VETERINARY DISPENSARY
Malappuram,"VD-AMARAMBALAM,AMARAMBALAM,AMARUMPALAM P.O,OKOTTUPADAM P.O,679332",VETERINARY DISPENSARY
Malappuram,"VD-AREACODE,AREACODE,AREACODE,0",VETERINARY DISPENSARY
Malappuram,"VD-ARIYALLOOR,VALLIKKUNNE,ARIYALLOOR,0",VETERINARY DISPENSARY
Malappuram,"VD-ATHAVANAD,ATHAVANAD,PUNNATHALA P.O,676532",VETERINARY DISPENSARY
Malappuram,"VD-CHALIYAR,CHALIYAR,CHALIYAR,0",VETERINARY DISPENSARY
Malappuram,"VD-CHELAMBRA,CHELEMBRA,CHELAMBRA,0",VETERINARY DISPENSARY
Malappuram,"VD-CHERAKKAPARAMBA,ANGADIPPURAM,CHERAKKAPARAMBA P.O,679321",VETERINARY DISPENSARY
Malappuram,"VD-CHERIYAMUNDAM,CHERIYAMUNDAM,IRINGAVOOR P.O,676103",VETERINARY DISPENSARY
Malappuram,"VD-CHERUKAVU,CHERUKAVU,CHERUKAVU,PULIKKAL P.O,673637",VETERINARY DISPENSARY
Malappuram,"VD-CHOKKAD,KALIKKAVU,CHOKKAD,679355",VETERINARY DISPENSARY
Malappuram,"VD-CHUNGATHARA,CHUNGATHARA,6",VETERINARY DISPENSARY
Malappuram,"VD-EDAKKARA,EDAKKARA,EDAKKARA, PALMED,679331",VETERINARY DISPENSARY
Malappuram,"VD-EDAPPAL,KOLOLEMB,6",VETERINARY DISPENSARY
Malappuram,"VD-EDAPPATTA,EDAPPATTA,VALIYAMCHERI P.O,676326",VETERINARY DISPENSARY
Malappuram,"VD-EDARIKODE,EDARIKKODE,EDARIKODE,0",VETERINARY DISPENSARY
Malappuram,"VD-EDAVANNA,EDAVANNA,EDAVANA P.O,676541",VETERINARY DISPENSARY
Malappuram,"VD-EDAYUR,PALEMAD,6",VETERINARY DISPENSARY
Malappuram,"VD-ELAMKULAM,ELAMKULAM,KUNNAKKADAVU,679340",VETERINARY DISPENSARY
Malappuram,"VD-ELANKUR,THRIKKALANGODE,ELANKUR,0",VETERINARY DISPENSARY
Malappuram,"VD-IRMBILIYAM,ERIMBILIYAM,IRIMBILIYAM P.O,679572",VETERINARY DISPENSARY
Malappuram,"VD-KADANNAMANA,MANKADA,KADANNAMANA P.O,679324",VETERINARY DISPENSARY
Malappuram,"VD-KALADY,THAVANOOR,KALADY P.O,679582",VETERINARY DISPENSARY
Malappuram,"VD-KALIKAVU,KALIKKAVU,ADAKKAKUNDU,676525",VETERINARY DISPENSARY
Malappuram,"VD-KALLERITTIKKAL,URNGATTIRI,URANGATTIRI P.O,679639",VETERINARY DISPENSARY
Malappuram,"VD-KANJIRAMUKKU,MARANCHERY,KANJIRAMUKU P.O,679584",VETERINARY DISPENSARY
Malappuram,"VD-KANNAMANGALAM,KANNAMANGALAM,6",VETERINARY DISPENSARY
Malappuram,"VD-KARULAYI,MAILAMPARA,6",VETERINARY DISPENSARY
Malappuram,"VD-KARUVARAKUNDU,KARUVARAKKUNTE,KARUVARAKUNDU, THARISH P.O,676523",VETERINARY DISPENSARY
Malappuram,"VD-KEEZHPARAMBA,KEEZHPARAMB,KUNIYIL P.O,673639",VETERINARY DISPENSARY
Malappuram,"VD-KEZHATTUR,KEEZHATTOOR,KEZHATTUR P.O,ONDANAM P.O,679325",VETERINARY DISPENSARY
Malappuram,"VD-KODUR,KODOOR,KODOR P.O,676504",VETERINARY DISPENSARY
Malappuram,"VD-KOLATHUR,MOORKKANAD,KOLATHUR P.O,679338",VETERINARY DISPENSARY
Malappuram,"VD-KOOTTILANGADI,KOOTTILANGADI,PADINGATTUMURI P.O,676506",VETERINARY DISPENSARY
Malappuram,"VD-KUNNUPURAM,A.R.NAGAR,KUTTOOR NORTH,676305",VETERINARY DISPENSARY
Malappuram,"VD-KURUVA,KURUVA,6",VETERINARY DISPENSARY
Malappuram,"VD-KUTTIPPURAM,KUTTIPPURAM,KUTTIPURAM P.O,679571",VETERINARY DISPENSARY
Malappuram,"VD-KUZHIMANNA,KUZHIMANNA,KUZHIMANNA P.O,673641",VETERINARY DISPENSARY
Malappuram,"VD-MAKKARAPARAMBU,VADAKKENGARA,6",VETERINARY DISPENSARY
Malappuram,"VD-MAMPAD,MAMBAD,MAMBADU, VADAPPURAM P.O,676542",VETERINARY DISPENSARY
Malappuram,"VD-MANGALAM,VELAMARUTHUR,6",VETERINARY DISPENSARY
Malappuram,"VD-MARAKKARA,MARAKKARA,KADAMPUZHA P.O,676553",VETERINARY DISPENSARY
Malappuram,"VD-MONIYUR,MUNNIYOOR,VALIMUKKU SOUTH P.O,676317",VETERINARY DISPENSARY
Malappuram,"VD-MOOTHEDAM,MOOTHEDAM,MUTHADUM P.O,679331",VETERINARY DISPENSARY
Malappuram,"VD-MORAYUR,MORAYUR,MORAYUR P.O,673649",VETERINARY DISPENSARY
Malappuram,"VD-MUTHUVALLOOR,MUTHUVALLOOR,Muthuvalloor,673638",VETERINARY DISPENSARY
Malappuram,"VD-NANNABRA,NANNAMPRA,KODINHI P.O,676309",VETERINARY DISPENSARY
Malappuram,"VD-NEDIYIRUPPU,NEDIYIRUPPE,NEDIYIRUPPU,0",VETERINARY DISPENSARY
Malappuram,"VD-NIRAMARUTHUR,NIRAMARUTHUR,6",VETERINARY DISPENSARY
Malappuram,"VD-OMANUR,CHEEKKODE,OMANUR P.O,673640",VETERINARY DISPENSARY
Malappuram,"VD-OTHUKUNGAL,OTHUKKUNGAL,OTHUKUNGAL,0",VETERINARY DISPENSARY
Malappuram,"VD-OZHUR,OZHOOR,OMACHPUZHA P.O,676313",VETERINARY DISPENSARY
Malappuram,"VD-PALLICKAL,PALLYKKAL,PALLICKAL P.O,673653",VETERINARY DISPENSARY
Malappuram,"VD-PALLIKKARA,NANNAMUKKE,NANNAMUKKU SOUTH P.O,679575",VETERINARY DISPENSARY
Malappuram,"VD-PANDALLOOR,ANAKKAYAM,KADAMBODE P.O,676121",VETERINARY DISPENSARY
Malappuram,"VD-PARAMPILPEEDIKA,THENJIPPALAM,PARAMBILPEEDIKA P.O,VALIMUKU,676317",VETERINARY DISPENSARY
Malappuram,"VD-PARAPPANANGADI,PARAPPANAGADI,PARAPPANANGADI P.O,676303",VETERINARY DISPENSARY
Malappuram,"VD-PARAPPUR,PARAPPUR,PARAPPUR P.O,676503",VETERINARY DISPENSARY
Malappuram,"VD-PARAVANNA,VETTAM,PARAVANA,676502",VETERINARY DISPENSARY
Malappuram,"VD-PERUMANA CLARI,PERUMANA CLARI,6",VETERINARY DISPENSARY
Malappuram,"VD-PONMALA,PONMALA,CHAPPANANGADI,6",VETERINARY DISPENSARY
Malappuram,"VD-PONMUNDAM,PONMUNDAM,PONMUNDAM P.O,676106",VETERINARY DISPENSARY
Malappuram,"VD-PONNANI,PONANI P.O,679586",VETERINARY DISPENSARY
Malappuram,"VD-POOKALATHUR,POOLPPATTA,PULPPETTA P.O,676126",VETERINARY DISPENSARY
Malappuram,"VD-POOKKOTTUR,POOKKOTTUR,POOKKOTTUR,6",VETERINARY DISPENSARY
Malappuram,"VD-PORUR,POROOR,PORUR P.O,679339",VETERINARY DISPENSARY
Malappuram,"VD-PULAMANTHOLE,PULAMANTHOLE,PULAMANTHOLE,679323",VETERINARY DISPENSARY
Malappuram,"VD-PULICKAL,PULIKKAL,ANDIYOORKUNNU P.O,673637",VETERINARY DISPENSARY
Malappuram,"VD-PURATHUR,PURATHUR,PURATHUR P.O,676102",VETERINARY DISPENSARY
Malappuram,"VD-PUZHAKKATTIRI,PUZHAKKATTIRI,RAMAPRAM,679350",VETERINARY DISPENSARY
Malappuram,"VD-TAVANUR,THAVANOOR,AYANKALAM,679573",VETERINARY DISPENSARY
Malappuram,"VD-THALAKKAD,THALAKKAD,THALAKKAD,0",VETERINARY DISPENSARY
Malappuram,"VD-THANALUR,THANALOOR,MEENADATHUR P.O,676307",VETERINARY DISPENSARY
Malappuram,"VD-THAZHAKKODE,THAZHEKKAD,THAZHAKKODE,0",VETERINARY DISPENSARY
Malappuram,"VD-THENALA,THENNALA,CHULLIPARA P.O,676508",VETERINARY DISPENSARY
Malappuram,"VD-THENHIPPALAM,THENJIPPALAM,CHALERI P.O,673636",VETERINARY DISPENSARY
Malappuram,"VD-THIRUNAVAYA,THIRUNAVAYA,THIRUNAVAYA P.O,676301",VETERINARY DISPENSARY
Malappuram,"VD-THIRURANGADI,THIRURANGADI,THIRURANGADI P.O,676306",VETERINARY DISPENSARY
Malappuram,"VD-THIRUVALI,THIRUVALY,THIRUVALLI P.O,679348",VETERINARY DISPENSARY
Malappuram,"VD-THOZHANUR CHENAKAL,KALPPAKANCHERY,THOZHANU,CHENAKKAL, RANDATHANI P.O,676510",VETERINARY DISPENSARY
Malappuram,"VD-THRIPRANGODE,THRIPRANGODE,THRIPRANGODE,676108",VETERINARY DISPENSARY
Malappuram,"VD-THUVOOR,THUVOOR,TUVVUR,PALAKKALVETTA P.O,679327",VETERINARY DISPENSARY
Malappuram,"VD-UPPADA,CHUNKATHARA,UPPADA P.O,679354",VETERINARY DISPENSARY
Malappuram,"VD-URAKOM,URAKAM,URAKAM P.O,676519",VETERINARY DISPENSARY
Malappuram,"VD-URANGATIRI,URNGATTIRI,URANGATTIRI P.O,673639",VETERINARY DISPENSARY
Malappuram,"VD-VALAVANOOR,VALAVANNOOR,KALPAKANCHERI P.O,676551",VETERINARY DISPENSARY
Malappuram,"VD-VATTAMKULAM,VATTAMKULAM,VATTAMKULAM P.O,679578",VETERINARY DISPENSARY
Malappuram,"VD-VAZHAKKAD,VAZHAKKAD,VAZHAKKAD P.O,673640",VETERINARY DISPENSARY
Malappuram,"VD-VAZHAYUR,VAZHAYOOR,VAZHAYUR P.O,673633",VETERINARY DISPENSARY
Malappuram,"VD-VELIYANCODE,VELIYAMKODE,VELIYAMCODE,GRAMAM P.O,679579",VETERINARY DISPENSARY
Malappuram,"VD-VENGARA,VENGARA,VENGARA P.O,676304",VETERINARY DISPENSARY
Malappuram,"VD-VETTATHOOR,VETTATHOOR,VETTATHOOR P.O,676525",VETERINARY DISPENSARY
Malappuram,"VD-VETTIKKATTIRI,PANDIKKAD,VETTIKKATTIRI ,PANDIKKAD P.O,676525",VETERINARY DISPENSARY
Malappuram,"VD-VETTOM,VETTOM,6",VETERINARY DISPENSARY
Malappuram,"VH-CHANGARAMKULAM,ALANGODE,CHANGARAMKULAM,0",VETERINARY HOSPITAL
Malappuram,"VH-KAVANOOR,KAVANNOOR,KAVANOOR P.O,673638",VETERINARY HOSPITAL
Malappuram,"VH-KONDOTTY,KONDOTTY,KONDOTTI P.O,673638",VETERINARY HOSPITAL
Malappuram,"VH-KOTTACKAL,KOTTAKKAL,KOTTACKAL P.O,676503",VETERINARY HOSPITAL
Malappuram,"VH-MELATTOOR,MELATTOOR,MELATHUR P.O,679326",VETERINARY HOSPITAL
Malappuram,"VH-NILAMBUR,NILAMBOOR,NILAMBUR, RAILWAY STATION P.O,679330",VETERINARY HOSPITAL
Malappuram,"VH-PERUMPADAPPU,PERUMPADAPPU,PERUMPADAPPU,679580",VETERINARY HOSPITAL
Malappuram,"VH-THANUR,THANUR,THANUR,676302",VETERINARY HOSPITAL
Malappuram,"VH-VALANCHERY,VALANCHERY,THOSHANOOR P..O,676557",VETERINARY HOSPITAL
Malappuram,"VH-VANDOOR,VANDOOR,VANDOOR,679328",VETERINARY HOSPITAL
Malappuram,"VH-VATTAMKULAM,VATTAMKULAM,VATTAMKULAM,679578",VETERINARY HOSPITAL
Malappuram,"VH-VAZHIKKADAVU,VAZHIKKADAVU,VAZHIKKADAVU,0",VETERINARY HOSPITAL
Malappuram,"VPC-EASWARAMANGALAM,PONNANI,6",VETERINARY POLY CLINIC
Malappuram,"VPC-MANJERI,MANJERI P.O,676121",VETERINARY POLY CLINIC
Malappuram,"VPC-PERINTHALMANNA,PERINTHALMANNA,679322",VETERINARY POLY CLINIC
Malappuram,"VPC-THIRUR,THEKKUMMURI P.O,676105",VETERINARY POLY CLINIC
Kozhikode,"DVC-KOZHIKODE,KOZHICODE,673001",DISTRICT VETERINARY CENTRE
Kozhikode,"VD-ANAKKAMPOYIL,THIRUVAMBADY,ANAKKAMPOYIL,673603",VETERINARY DISPENSARY
Kozhikode,"VD-ARIKULAM,ARIKKULAM,ARIKULAM,673322",VETERINARY DISPENSARY
Kozhikode,"VD-ATHOLI,ATHOLI,ATHOLI,673315",VETERINARY DISPENSARY
Kozhikode,"VD-AYANCHERY,AYANCHERY,AYANCHERI,673544",VETERINARY DISPENSARY
Kozhikode,"VD-AYANIKKAD,PAYYOLI,AYANIKKAD,673521",VETERINARY DISPENSARY
Kozhikode,"VD-BALUSSERY,BALUSSERY,KOKKALLUR P.O,673612",VETERINARY DISPENSARY
Kozhikode,"VD-CHAKKITTAPPARA,CHAKKITTAPPARA,CHAKKITTAPARA,KAYANNA,673525",VETERINARY DISPENSARY
Kozhikode,"VD-CHANGAROTH PALARI,CHANGAROTHE,CHANGAROTH, PALARI TOWN P.O,673508",VETERINARY DISPENSARY
Kozhikode,"VD-CHATHAMANGALAM,CHATHAMANGALAM,CHATHAMANGALAM,673601",VETERINARY DISPENSARY
Kozhikode,"VD-CHELANNUR,CHELANNUR,CHELANNUR,673616",VETERINARY DISPENSARY
Kozhikode,"VD-CHEMANCHERY,CHEMANCHERY,THIRUVANGOOR,673310",VETERINARY DISPENSARY
Kozhikode,"VD-CHENGOTTUKAVU,CHENGOTTUKAVU,EDAKKULAM P.O,673306",VETERINARY DISPENSARY
Kozhikode,"VD-CHORODE,CHORODE,CHOROD,673106",VETERINARY DISPENSARY
Kozhikode,"VD-EDACHERY,EDACHERY,EDACHERY,673502",VETERINARY DISPENSARY
Kozhikode,"VD-ELATHUR,ELATHUR,ELATHUR,673303",VETERINARY DISPENSARY
Kozhikode,"VD-ERAMALA,ORKATHERI,CHORODE,ERAMALA,ORKATTERI, KUNNUMMAKKARA ,673308",VETERINARY DISPENSARY
Kozhikode,"VD-FEROKE,PUTHUKKAIPADAM,FAROKE,FEROK,PUTHUKKAIPADAM,673631",VETERINARY DISPENSARY
Kozhikode,"VD-IYYAMKODE,NADAPURAM,NADAPURAM,673504",VETERINARY DISPENSARY
Kozhikode,"VD-KADALUNDI,KADALUNDI,KADALUDY,673302",VETERINARY DISPENSARY
Kozhikode,"VD-KAKKADAMPOYIL,KOODARANJI,KAKKADAMPOYIL,673604",VETERINARY DISPENSARY
Kozhikode,"VD-KAKKUR,KAKKOOR,KAKKUR,673619",VETERINARY DISPENSARY
Kozhikode,"VD-KALLUNIRA,VALAYAM,KALLUNIRA,673517",VETERINARY DISPENSARY
Kozhikode,"VD-KATTIPPARA,THAMARASSERY,KATTIPPARA,673573",VETERINARY DISPENSARY
Kozhikode,"VD-KAYAKODY,KAYAKKODI,KAYAKKODI,673519",VETERINARY DISPENSARY
Kozhikode,"VD-KAYANNA,KAYANNA,KAYANNA BAZAR,673525",VETERINARY DISPENSARY
Kozhikode,"VD-KEEZHARIYOOR,KEEZHARIYUR,NADUVATHUR P.O,673324",VETERINARY DISPENSARY
Kozhikode,"VD-KIZHAKKE PERAMBRE,KOOTHALI,THANDORPARA P.O,673526",VETERINARY DISPENSARY
Kozhikode,"VD-KIZHAKKOTH,KIZHAKKOTHE,VEENAPARA, ELETTIL P.O,673572",VETERINARY DISPENSARY
Kozhikode,"VD-KOODATHAI,KODANCHERY,MAUKKAVU P.O,673573",VETERINARY DISPENSARY
Kozhikode,"VD-KOOMPARA,KOODARANJI,KOODARANGJI P.O,673604",VETERINARY DISPENSARY
Kozhikode,"VD-KOORACHUNDU,KOORACHUNDE,KOORACHUNDU,ATHIYODI P.O,673527",VETERINARY DISPENSARY
Kozhikode,"VD-KOTTUR,KOTTUR,KOTTUR,673614",VETERINARY DISPENSARY
Kozhikode,"VD-KURUVATTUR PULLATTUTHAZHAM,KURUVATTUR,KURUVATTUR, PULLATTUTHAZHAM,0",VETERINARY DISPENSARY
Kozhikode,"VD-KUTTIADY VADAYAM,KUTTYADI,KUTTADY,VADAYAM P.O,673508",VETERINARY DISPENSARY
Kozhikode,"VD-MADAVOOR,ARANGILTHZHATH,MADAVUR,MADAVOOR,ARANGITHAZHAM,673583",VETERINARY DISPENSARY
Kozhikode,"VD-MAKKADA,KAKKODI,NAKKADA,0",VETERINARY DISPENSARY
Kozhikode,"VD-MANIYOOR,MANIYOOR,PALAYADNADU P.O,673530",VETERINARY DISPENSARY
Kozhikode,"VD-MANKAVU,MANKAVU,673007",VETERINARY DISPENSARY
Kozhikode,"VD-MANNUR,KADALUNDI,KANNUR,0",VETERINARY DISPENSARY
Kozhikode,"VD-MARUTHOMKARA,MARUTHONKARA,MARUTHONKARA,673513",VETERINARY DISPENSARY
Kozhikode,"VD-MAVOOR,MAVOOR,MAVOOR,673661",VETERINARY DISPENSARY
Kozhikode,"VD-MELADY,THIKKODY,THIKKODI,673529",VETERINARY DISPENSARY
Kozhikode,"VD-MOODADI, VEERAVANCHERY,MOODADI,VEERAVANCHERY,KADALOOR P.O,673531",VETERINARY DISPENSARY
Kozhikode,"VD-MOYIPOTH,CHERUVANNOOR,MOYIPOTH,673524",VETERINARY DISPENSARY
Kozhikode,"VD-MUKKOM,MUKKOM,MUKKOM,673602",VETERINARY DISPENSARY
Kozhikode,"VD-MUNDOTTUKULANGARA,KODIYATHUR,MUNDOTTUKULANGARA, PANNIKODE,673602",VETERINARY DISPENSARY
Kozhikode,"VD-NALLALAM,KOLATHARA P.O,673655",VETERINARY DISPENSARY
Kozhikode,"VD-NANMINDA,NANMINDA,NANMUNDA,CHEEKILODE,673315",VETERINARY DISPENSARY
Kozhikode,"VD-NARIKUNI,NARIKKUNI,NARIKUNNI,673585",VETERINARY DISPENSARY
Kozhikode,"VD-NARIPATTA,NARIPPATTA,CHEEKKUNNU WEST P.O,673655",VETERINARY DISPENSARY
Kozhikode,"VD-NEDUVANNOOR,NADUVANNOOR,NADUVANOOR,673614",VETERINARY DISPENSARY
Kozhikode,"VD-NOCHAD, KALPATHOOR,NOCHAD,NOCHAD,KALPATHOOR,673524",VETERINARY DISPENSARY
Kozhikode,"VD-OLAVANNA,OLAVANNA,OLAVANA, GA COLLEGE P.O,673014",VETERINARY DISPENSARY
Kozhikode,"VD-OMASSERY,OMASSERY,OMASSERY,673572",VETERINARY DISPENSARY
Kozhikode,"VD-ONCHIYAN,ONCHIYAM,OCHIYAN,673308",VETERINARY DISPENSARY
Kozhikode,"VD-PALACHOTTIL,THURAYUR,PAYYOLI P.O,673525",VETERINARY DISPENSARY
Kozhikode,"VD-PARAKKADAVU,CHEKYAD,PARAKKADAVU,673509",VETERINARY DISPENSARY
Kozhikode,"VD-PERUMANNA,PERUMANNA,673026",VETERINARY DISPENSARY
Kozhikode,"VD-PERUVAYAL ANGADI,PERUVAYAL,PERUVAYAL ANGADI,673024",VETERINARY DISPENSARY
Kozhikode,"VD-PURAMERI,PURAMERY,PERUMRI,673503",VETERINARY DISPENSARY
Kozhikode,"VD-RAMANATTUKARA,RAMANATTUKARA,CHILLIPARAMBU, FEROKE COLLEGE P.O,673632",VETERINARY DISPENSARY
Kozhikode,"VD-THALAKKULATHUR,THALAKKULATHUR,ANNASSERY P.O,673317",VETERINARY DISPENSARY
Kozhikode,"VD-THAMARASSERY,THAMARASSERY,THAMARASSERY,673573",VETERINARY DISPENSARY
Kozhikode,"VD-THEEKUNI,VELAM,CHERAPURAM P.O,673512",VETERINARY DISPENSARY
Kozhikode,"VD-THEKKUNKUTTY,KARASSERY,THEKKUNKUTTY, ALLY P.O,673602",VETERINARY DISPENSARY
Kozhikode,"VD-THIRUVAMBADI,THIRUVAMBADY,THIRUVAMBADI,673603",VETERINARY DISPENSARY
Kozhikode,"VD-THODANNUR,THIRUVALLUR,THODANNUR,0",VETERINARY DISPENSARY
Kozhikode,"VD-THOTTUMUKKOM,KODIYATHUR,THOTTUMUKKOM,673679",VETERINARY DISPENSARY
Kozhikode,"VD-ULLIYERI,ULLYERI,ULLIYERI,673323",VETERINARY DISPENSARY
Kozhikode,"VD-UNNIKKULAM,M.M. PARAMBA,UNNIKKULAM,MM PARAMBA, UNNIKULAM P.O,673574",VETERINARY DISPENSARY
Kozhikode,"VD-VELLIYODE,VANIMEL,VELLIYODE, KODIYURA,673513",VETERINARY DISPENSARY
Kozhikode,"VD-VILLIAPPALLY,VILLYAPPALLY,VILLIAPPALLY,673542",VETERINARY DISPENSARY
Kozhikode,"VH-BALUSERY,PANANGAD,BALUSSERY,VATTOLI BAZAR P.O,673623",VETERINARY HOSPITAL
Kozhikode,"VH-BEYPORE,BEPPUR,BEYPORE,673015",VETERINARY HOSPITAL
Kozhikode,"VH-CHOMBAL,AZHIYOOR,HOMBAL,673308",VETERINARY HOSPITAL
Kozhikode,"VH-KAVILAMPARA,KAVILUMPARA,KAVILAMPARA ,673513",VETERINARY HOSPITAL
Kozhikode,"VH-KODENCHERRY,KODANCHERY,KODENCHERY,673580",VETERINARY HOSPITAL
Kozhikode,"VH-KODUVALLY,KODUVALLY,KODUVALLY,673572",VETERINARY HOSPITAL
Kozhikode,"VH-KUNNAMANGALAM,KUNNAMANGALAM,KUNNAMANGALAM ,673571",VETERINARY HOSPITAL
Kozhikode,"VH-KUNNUMMEL,KUNNUMMAL,VATTOLI P.O,673308",VETERINARY HOSPITAL
Kozhikode,"VH-MEPPAYUR,MEPPAYUR,MEPPAYUR,673524",VETERINARY HOSPITAL
Kozhikode,"VH-PUTHUPPADY,PUTHUPPADY,PUTHUPPADY,0",VETERINARY HOSPITAL
Kozhikode,"VH-QUILANDY,QUILANDY,673305",VETERINARY HOSPITAL
Kozhikode,"VH-TUNERI,THUNERY,TUNERI,673505",VETERINARY HOSPITAL
Kozhikode,"VH-VELLIKULANAGARA,ONCHIYAM,ORKATTERI P.O,673501",VETERINARY HOSPITAL
Kozhikode,"VPC-PERMBRA,PERAMBRA,PERMBRA,673525",VETERINARY POLY CLINIC
Kozhikode,"VPC-VADAKARA,VADAKARA,673109",VETERINARY POLY CLINIC
Wayanad,"DVC-KALPETTA,KALPETTA,342511",DISTRICT VETERINARY CENTRE
Wayanad,"VD-AMBALAVAYAL,AMBALAVAYAL,VADUVANCHAL P.O,673581",VETERINARY DISPENSARY
Wayanad,"VD-EDAVAKA,EDAVAKA,KALLODY P.O,670644",VETERINARY DISPENSARY
Wayanad,"VD-IRULAM,POOTHADY,MANAL VAYAL P.O,673579",VETERINARY DISPENSARY
Wayanad,"VD-KATIMOOLA,THAVINHAL,KATTIMOOLA,PORUR P.O, MANANTHAV,670644",VETERINARY DISPENSARY
Wayanad,"VD-KATTIKKULAM,THIRUNELLY,KATTIKKULAM,12",VETERINARY DISPENSARY
Wayanad,"VD-KENICHIRA,POOTHADY,KENICHIRA,0",VETERINARY DISPENSARY
Wayanad,"VD-KOTTATHARA,KOTTATHARA,VENNIYODE P.O,673122",VETERINARY DISPENSARY
Wayanad,"VD-MAKKIYAD,THONDARNADU,MAKKIYAD,670731",VETERINARY DISPENSARY
Wayanad,"VD-MOOPAAINADU,MOOPPAINADU,MOOPAINADU,12",VETERINARY DISPENSARY
Wayanad,"VD-MUTTIL,MUTTIL,VAZHAVATTA P.O,673122",VETERINARY DISPENSARY
Wayanad,"VD-NADAVAYAL,Nadavayal,670721",VETERINARY DISPENSARY
Wayanad,"VD-NENMENI,NENMENY,CHEERAL P.O,673595",VETERINARY DISPENSARY
Wayanad,"VD-NOOLPUZHA,NOOLPUZHA,NOOLPUZHA, KALLOOR P.O,673592",VETERINARY DISPENSARY
Wayanad,"VD-PADICHIRA,MULLAN KOLLY,PADICHIRA,673579",VETERINARY DISPENSARY
Wayanad,"VD-PANAMARAM,PANAMARAM,PANAMARAM,670721",VETERINARY DISPENSARY
Wayanad,"VD-PANDINHARATHARA,PADINJARATHARA,PADINJARATHARA,673575",VETERINARY DISPENSARY
Wayanad,"VD-POZHUTHANA,POZHUTHANA,POZHUTHANA,673576",VETERINARY DISPENSARY
Wayanad,"VD-THARIODE,THARIYODE,CHENNALODE,673121",VETERINARY DISPENSARY
Wayanad,"VD-VARADOOR,KANIYAMPATTA,VARADOOR,673124",VETERINARY DISPENSARY
Wayanad,"VD-VEGAPPALLY,VENGAPPALLY,THEKKUMTHARA P.O,673121",VETERINARY DISPENSARY
Wayanad,"VD-VELLAMUNDA,VELLAMUNDA,KOTTAYAD P.O,670731",VETERINARY DISPENSARY
Wayanad,"VH-KENICHIRA,KENICHIRA,673592",VETERINARY HOSPITAL
Wayanad,"VH-MEENANGADI,MEENANGADY,MEENANGADI,673591",VETERINARY HOSPITAL
Wayanad,"VH-MEPPADI,MEPPADY,MEPPADI,673577",VETERINARY HOSPITAL
Wayanad,"VH-PALLIKKUNNU,KANIYAMPATTA,PALLIKUNNU,673121",VETERINARY HOSPITAL
Wayanad,"VH-PULPALLY,PULPPALLY,PULPALLY,673579",VETERINARY HOSPITAL
Wayanad,"VH-VYTHIRI,VAITHIRI,VYTHIRI,673576",VETERINARY HOSPITAL
Wayanad,"VPC-KALPETTA,KALPETTA,0",VETERINARY POLY CLINIC
Wayanad,"VPC-MANANTHAVADY,MANANTHAVADY,MANANTHAVADY,670645",VETERINARY POLY CLINIC
Wayanad,"VPC-SULTHAN BATHERY,SULTHAN BATHERY,SULTHAN ATHERY,673592",VETERINARY POLY CLINIC
Kannur,"DVC-KANNUR,KANNUR,670002",DISTRICT VETERINARY CENTRE
Kannur,"VD-ADAKKATHODE,KELAKAM,ADAKKATHODE,670674",VETERINARY DISPENSARY
Kannur,"VD-ADOOR,KADAMBOOR,ADOOR,0",VETERINARY DISPENSARY
Kannur,"VD-ALAVIL,CHIRAKKAL,ALAVIL,0",VETERINARY DISPENSARY
Kannur,"VD-ARABI,PADIYOOR-KALYAD,ARABI,0",VETERINARY DISPENSARY
Kannur,"VD-ARAYALINKEEZHU,MALOOR,ARAYALINKEEZHU,0",VETERINARY DISPENSARY
Kannur,"VD-AYYAPPANTHODE,MANGATTIDAM,AYYAOOANTHODE,0",VETERINARY DISPENSARY
Kannur,"VD-CHALODE,KEEZHALLOOR,CHALODE,0",VETERINARY DISPENSARY
Kannur,"VD-CHARAL,AYYANKUNNU,CHARAL,670706",VETERINARY DISPENSARY
Kannur,"VD-CHELORA,CHELORA,0",VETERINARY DISPENSARY
Kannur,"VD-CHEMBILODE,CHEMPILODE,CHEMBILODE,0",VETERINARY DISPENSARY
Kannur,"VD-CHEMPERI,ERUVASSY,CHENPCHERI P.O,670632",VETERINARY DISPENSARY
Kannur,"VD-CHENGALAI,CHENGALAY,CHENGALAI,0",VETERINARY DISPENSARY
Kannur,"VD-CHERUPUZHA,CHERUPUZHA,CHERUPUZHA,693669",VETERINARY DISPENSARY
Kannur,"VD-CHITTARIPARAMBU,CHITTARIPPARAMBA,CHITTARIPARAMBU,69358",VETERINARY DISPENSARY
Kannur,"VD-CHORKALATHAZHA,KURUMATHUR,KURUMATHUR P.O,670142",VETERINARY DISPENSARY
Kannur,"VD-EDOOR,ARALAM,EDOOR,0",VETERINARY DISPENSARY
Kannur,"VD-ELAYAVOOR,ELAYAVOOR,ELAYAVOOR,6389",VETERINARY DISPENSARY
Kannur,"VD-ERANHOLI,ERANJOLI,ERANHOLI,0",VETERINARY DISPENSARY
Kannur,"VD-IRINAVU,KALYASSERY,IRINAVU,670301",VETERINARY DISPENSARY
Kannur,"VD-IRRIKKUR,IRIKKUR,IRRIKUR,0",VETERINARY DISPENSARY
Kannur,"VD-KADAVATHOOR,THRIPRANGOTTOOR,KADAVANTHOOR,69887",VETERINARY DISPENSARY
Kannur,"VD-KAKKAYENGAD,MUZHAKKUNNE,KAKKAYENGAD P.O,670673",VETERINARY DISPENSARY
Kannur,"VD-KANDAKKAI,MAYYIL,KANDAKKAI,0",VETERINARY DISPENSARY
Kannur,"VD-KANDOMTHAR,KADANNAPPALLY PANAPPUZHA,KADAVATHOOR P.O,670676",VETERINARY DISPENSARY
Kannur,"VD-KANNAPURAM,KANNAPPURAM,KANNAPRAM,0",VETERINARY DISPENSARY
Kannur,"VD-KARIYAD,KARIYAD,KARIYAD SOUTH P.O,673316",VETERINARY DISPENSARY
Kannur,"VD-KOLACHERRYMUKKU,KOLACHERY,KOLACHERRY MUKU P.O,670601",VETERINARY DISPENSARY
Kannur,"VD-KOLAKKAD,KANICHAR,KOLAKKAD,0",VETERINARY DISPENSARY
Kannur,"VD-KOMERI,KOLAYAD,KOMMERI P.O, NEDUMPOLIM P.O,670650",VETERINARY DISPENSARY
Kannur,"VD-KOOTTUMUGHOM,SREEKANDAPURAM,KOOTTUMUGHOM,69875",VETERINARY DISPENSARY
Kannur,"VD-KOOTTUPUZHA,PAYAM,KOOTTUPUZHA,0",VETERINARY DISPENSARY
Kannur,"VD-KOOVAPPADY,KOTTAYAM(M),KOOVAPPADY,683544",VETERINARY DISPENSARY
Kannur,"VD-KOPPALAM,KOPPALAM,69852",VETERINARY DISPENSARY
Kannur,"VD-KOTTUMUGHAM,SREEKANDAPURAM,KOTTUMANGHAM,0",VETERINARY DISPENSARY
Kannur,"VD-KOVVAPRAM,CHERUKUNNU,KOVVAPRAM,0",VETERINARY DISPENSARY
Kannur,"VD-KUDIYANMALA,NADUVIL,KUNDIYANMALA,0",VETERINARY DISPENSARY
Kannur,"VD-KUHIMANGALAM,MADAY,KUHIMANGALAM,0",VETERINARY DISPENSARY
Kannur,"VD-KUNNATHERU,RAMANTHALY,KUNNATHERU,0",VETERINARY DISPENSARY
Kannur,"VD-KUTTIMAVINKEEZHU,THILLANKERY,KUTTIMAVINKEEZHU,0",VETERINARY DISPENSARY
Kannur,"VD-KUTTIYERI,KUTTIYERI,69856",VETERINARY DISPENSARY
Kannur,"VD-KUTTIYILPEEDIKA,CHOKLI,KUTTIYIL PEEDIKA,670672",VETERINARY DISPENSARY
Kannur,"VD-MALAPPATTAM,MALAPPATTAM,MALAPPATTAM P.O,670631",VETERINARY DISPENSARY
Kannur,"VD-MATHIL,KANKOL ALAPPADAMBA,MATHIL P.O,670343",VETERINARY DISPENSARY
Kannur,"VD-MATTOOL,MATTOOL,MATTOOL NORTH P.O,670325",VETERINARY DISPENSARY
Kannur,"VD-MOKERI,MOKERI,MOKERI P.O,670692",VETERINARY DISPENSARY
Kannur,"VD-MUNDERI,MUNDASSERY,MUNDERI,69869",VETERINARY DISPENSARY
Kannur,"VD-MURIATHODE,PATTUVAM,MURIATHODE,0",VETERINARY DISPENSARY
Kannur,"VD-MUZHAPPALA,ANCHARAKKANDI,MUZHAPPALA,0",VETERINARY DISPENSARY
Kannur,"VD-MUZHUAPPILANGAD,MUZHAPPILANGADU,MUZHUAPPILANGAD,0",VETERINARY DISPENSARY
Kannur,"VD-NAREEKAMVALLY,CHERUTHAZHAM,NAREEKAMVALLY,0",VETERINARY DISPENSARY
Kannur,"VD-NAYATTUPARA,KOODALY,NAYATTUPARA,0",VETERINARY DISPENSARY
Kannur,"VD-NEW MAHI,NEW-MAHI,NEW MAHI,0",VETERINARY DISPENSARY
Kannur,"VD-OLAYAMBADI,ERAM-KUTTOOR,OLAYAMBADI,670306",VETERINARY DISPENSARY
Kannur,"VD-ONAKKUNNU,KARIVELLOOR PERALAM,ONAKKUNNU,0",VETERINARY DISPENSARY
Kannur,"VD-PADIYOOR,PADIYOOR-KALYAD,PADIYOOR,6935",VETERINARY DISPENSARY
Kannur,"VD-PADIYOTTUCHAL,PERINGOME-VAYAKKARA,PADIYOTTUCHAL,670332",VETERINARY DISPENSARY
Kannur,"VD-PAISAKARI,PAYYAVOOR,PAISAKARI,0",VETERINARY DISPENSARY
Kannur,"VD-PALAYAD,DHARMADAM,PALAYAD,0",VETERINARY DISPENSARY
Kannur,"VD-PALLIKKUNNU,PALLIKKUNNE,PALLIKUNNU,0",VETERINARY DISPENSARY
Kannur,"VD-PANNIYANNUR,PANNYANNOOR,PANNIYANNUR,670679",VETERINARY DISPENSARY
Kannur,"VD-PANOOR,PANOOR,PANOOR,670692",VETERINARY DISPENSARY
Kannur,"VD-PANOOR,PANOOR,PANOOR,670692",VETERINARY DISPENSARY
Kannur,"VD-PARASSINIKADAVU,PATTUVAM,PARASSINIKADAVU,0",VETERINARY DISPENSARY
Kannur,"VD-PARAT,KUNNOTHUPARAMBA,PARAT,0",VETERINARY DISPENSARY
Kannur,"VD-PATHIRIYAD,VENGAD,PATHIRIYAD ,670741",VETERINARY DISPENSARY
Kannur,"VD-PAVANOORMOTTA,KUTTYATTOOR,PAVANNUMATTA,0",VETERINARY DISPENSARY
Kannur,"VD-PERINGATHUR,PERINGALAM,PERINGATHUR,0",VETERINARY DISPENSARY
Kannur,"VD-PERUMPADAVU,CHAPPARAPPADAV,KARIPAL PO, CHEPPARAPADAVU,670581",VETERINARY DISPENSARY
Kannur,"VD-PINARAYI,PINARAYI,PINARAYI,0",VETERINARY DISPENSARY
Kannur,"VD-PONNIYAM,KATHIROOR,PONNIUM ,670641",VETERINARY DISPENSARY
Kannur,"VD-POOZHATHY,PUZHATHI,POOZHATHY,6989",VETERINARY DISPENSARY
Kannur,"VD-PULLUPPY,NARATHE,PULLUPPY,6989",VETERINARY DISPENSARY
Kannur,"VD-VALAPATTANAM,VALAPPATTANAM,VALAPATTANAM,69879",VETERINARY DISPENSARY
Kannur,"VD-VENGARA,MADAY,VANGARA P.O,670306",VETERINARY DISPENSARY
Kannur,"VH-ALAKODE,NADUVIL,ALAKODE,0",VETERINARY HOSPITAL
Kannur,"VH-AZHIKODE,AZHIKKODE,AZHIKODE,670002",VETERINARY HOSPITAL
Kannur,"VH-CHERUVANCHERY,PATTYAM,CHERUVANCHERY,0",VETERINARY HOSPITAL
Kannur,"VH-CHUNGAKUNNU,KOTTIYOOR,CHUNGAKUNNU,693562",VETERINARY HOSPITAL
Kannur,"VH-EDAKKAD,EDAKKADU,EDAKKADU,670663",VETERINARY HOSPITAL
Kannur,"VH-KUTHUPARAMBA,KUTHUPARAMBA,670679",VETERINARY HOSPITAL
Kannur,"VH-MATTANNUR,MATTANNUR ,670702",VETERINARY HOSPITAL
Kannur,"VH-MAVILAYI,PERALASSERY,MAVILAYI,670622",VETERINARY HOSPITAL
Kannur,"VH-PAPPINISSERI,PAPPINISSERY,PAPPINISSERI,670665",VETERINARY HOSPITAL
Kannur,"VH-PAYANGADI,EZHOM,PAYYANGADI,0",VETERINARY HOSPITAL
Kannur,"VH-PERAVOOR,PERAVOOR,PERAVOOR,670673",VETERINARY HOSPITAL
Kannur,"VH-UDAYAGIRI,UDAYAGIRI,UDAYAGIRI,698963",VETERINARY HOSPITAL
Kannur,"VPC-CHEMPENTHOTTY,SREEKANDAPURAM,CHEMPENTHHOTTY P.O,670631",VETERINARY POLY CLINIC
Kannur,"VPC-IRITTY,KEEZHUR-CHAVASSERY,IRITTY P.O,670703",VETERINARY POLY CLINIC
Kannur,"VPC-PAYYANNUR,PAYYANNUR P.O,670307",VETERINARY POLY CLINIC
Kannur,"VPC-THALASSERY,THALASSERY P.O,670104",VETERINARY POLY CLINIC
Kannur,"VPC-THALIPARAMBA,THALIPARAMBA,670141",VETERINARY POLY CLINIC
Kasaragod,"DVC-KASARAGOD,RAILWAY STATION ROAD,671121",DISTRICT VETERINARY CENTRE
Kasaragod,"VD-BADIADKA,BADIYADUKKA,PERDALA,671551",VETERINARY DISPENSARY
Kasaragod,"VD-BALAMTHODE,PANATHADY,671532",VETERINARY DISPENSARY
Kasaragod,"VD-BEDADUKA,BEDADUKKA,BEDADUKA,671541",VETERINARY DISPENSARY
Kasaragod,"VD-BELLOOR,BELOOR,KINNINGER,671543",VETERINARY DISPENSARY
Kasaragod,"VD-CHEEMENI,KAYOOR-CHEEMENI,CHEEMENI, CHERUVATHUR,671313",VETERINARY DISPENSARY
Kasaragod,"VD-CHITTARIKKAL,EAST-ELERY,CHITTARICKAL, NILESWAR,673326",VETERINARY DISPENSARY
Kasaragod,"VD-DELAMPADY,DELAMPADY,URDOOR P.O, PALLANGOD,671543",VETERINARY DISPENSARY
Kasaragod,"VD-DHARMANAGAR,VORKKADY,VORKADY,671293",VETERINARY DISPENSARY
Kasaragod,"VD-KALICHANADUKKAM,KODOM-BELOOR,KALICHANADUKKAM, NILESWAR,671314",VETERINARY DISPENSARY
Kasaragod,"VD-KALLAR,Rajapuram,671532",VETERINARY DISPENSARY
Kasaragod,"VD-KARINTHALAM,KINANOOR KARINTHALAM,KARINDALAM, NILESWAR,671314",VETERINARY DISPENSARY
Kasaragod,"VD-KAYYUR,KAYOOR-CHEEMENI,KAYYUR, CHERUVATHRU,671313",VETERINARY DISPENSARY
Kasaragod,"VD-KODAKKAD,PILIKKODE,KODAKKAD, VELLACHAL,671357",VETERINARY DISPENSARY
Kasaragod,"VD-KUMBADJA,KUMPADAJE,ETHADUKKA,671551",VETERINARY DISPENSARY
Kasaragod,"VD-KUMBALA,KUMBALA,KUMBLA,0",VETERINARY DISPENSARY
Kasaragod,"VD-KUTTIKOL,BEDADUKKA,KUTTIKOLE, CHENGALA,671541",VETERINARY DISPENSARY
Kasaragod,"VD-MADAKKARA,CHERUVATHOOR,MADAKKARA, THURTHI,671351",VETERINARY DISPENSARY
Kasaragod,"VD-MADHUR,MADUR,MADHUR,671324",VETERINARY DISPENSARY
Kasaragod,"VD-MADIKAI,MADIKKAI,NELESWAR,671314",VETERINARY DISPENSARY
Kasaragod,"VD-MANGALPADY,MANGALPPADY,MANGALPADY, UPPALA,671322",VETERINARY DISPENSARY
Kasaragod,"VD-MEENJA,MEENJA,671323",VETERINARY DISPENSARY
Kasaragod,"VD-MOGRALPUTHUR,MOGRAL-PUTHOOR,MOGRAL PUTHUR, KUDULA,671128",VETERINARY DISPENSARY
Kasaragod,"VD-MUGU,PUTHIGE,MUNDIATHADUKKA,671321",VETERINARY DISPENSARY
Kasaragod,"VD-MULIYAR,MULIYAR,MULIYAR,671542",VETERINARY DISPENSARY
Kasaragod,"VD-MULLERIYA,KARADUKKA,MULLERIYA,671543",VETERINARY DISPENSARY
Kasaragod,"VD-NAYANMARMOOLA,CHENKALA,NAYANMARMOOLA,0",VETERINARY DISPENSARY
Kasaragod,"VD-PADNE,PADANNA,PADNE,671312",VETERINARY DISPENSARY
Kasaragod,"VD-PAIVALIKA,PAIVALIGE,PAIVALIKA,0",VETERINARY DISPENSARY
Kasaragod,"VD-PANATHADY,PANATHADY,PANATHADY, RAJAPURAM,671532",VETERINARY DISPENSARY
Kasaragod,"VD-PARAVANADUKKAM,CHEMMANAD,KALANDA,671317",VETERINARY DISPENSARY
Kasaragod,"VD-PERIYA,PULLOOR-PERIYA,PERIYA,671316",VETERINARY DISPENSARY
Kasaragod,"VD-PERLA,ENMAKAJE,PERLA,671552",VETERINARY DISPENSARY
Kasaragod,"VD-PLACHIKKARA,WEST-ELERY,PLACHIKKARA, PARAPPA,671533",VETERINARY DISPENSARY
Kasaragod,"VD-RAVANESWARAM,AJANOOR,RAVANESWARAM,671316",VETERINARY DISPENSARY
Kasaragod,"VD-THACHANGAD,PALLIKKARA,THACHANGAD, PANAYAL,671532",VETERINARY DISPENSARY
Kasaragod,"VD-VALIAPARAMBA,VALIYAPARAMBA,PADANAKADAPPURA, PADANE,671345",VETERINARY DISPENSARY
Kasaragod,"VH-KANHANGAD,KANHANGAD,671315",VETERINARY HOSPITAL
Kasaragod,"VH-KONNAKKAD,BALAL,KONNAKAD, HOSDURG,671315",VETERINARY HOSPITAL
Kasaragod,"VH-MANJESWAR,MANCHESWARAM,MANJESWARAM,671323",VETERINARY HOSPITAL
Kasaragod,"VH-NILESWAR,NEELESWARAM,NILESWAR,671314",VETERINARY HOSPITAL
Kasaragod,"VH-THRIKKARIPPUR,THRIKKARIPPOOR,THRIKKARIPPUR,671310",VETERINARY HOSPITAL
Kasaragod,"VH-UDUMA,UDUMA,UDUMA, BEKKAL,671318",VETERINARY HOSPITAL
